/*
 Navicat Premium Data Transfer

 Source Server         : 本地测试数据库
 Source Server Type    : MySQL
 Source Server Version : 80034
 Source Host           : localhost:3306
 Source Schema         : huayin

 Target Server Type    : MySQL
 Target Server Version : 80034
 File Encoding         : 65001

 Date: 14/08/2023 19:30:05
*/

SET NAMES utf8mb4;
SET FOREIGN_KEY_CHECKS = 0;

-- ----------------------------
-- Table structure for gen_table
-- ----------------------------
DROP TABLE IF EXISTS `gen_table`;
CREATE TABLE `gen_table`  (
  `table_id` bigint NOT NULL AUTO_INCREMENT COMMENT '编号',
  `table_name` varchar(200) CHARACTER SET utf8mb4 COLLATE utf8mb4_0900_ai_ci NULL DEFAULT '' COMMENT '表名称',
  `table_comment` varchar(500) CHARACTER SET utf8mb4 COLLATE utf8mb4_0900_ai_ci NULL DEFAULT '' COMMENT '表描述',
  `sub_table_name` varchar(64) CHARACTER SET utf8mb4 COLLATE utf8mb4_0900_ai_ci NULL DEFAULT NULL COMMENT '关联子表的表名',
  `sub_table_fk_name` varchar(64) CHARACTER SET utf8mb4 COLLATE utf8mb4_0900_ai_ci NULL DEFAULT NULL COMMENT '子表关联的外键名',
  `class_name` varchar(100) CHARACTER SET utf8mb4 COLLATE utf8mb4_0900_ai_ci NULL DEFAULT '' COMMENT '实体类名称',
  `tpl_category` varchar(200) CHARACTER SET utf8mb4 COLLATE utf8mb4_0900_ai_ci NULL DEFAULT 'crud' COMMENT '使用的模板（crud单表操作 tree树表操作）',
  `package_name` varchar(100) CHARACTER SET utf8mb4 COLLATE utf8mb4_0900_ai_ci NULL DEFAULT NULL COMMENT '生成包路径',
  `module_name` varchar(30) CHARACTER SET utf8mb4 COLLATE utf8mb4_0900_ai_ci NULL DEFAULT NULL COMMENT '生成模块名',
  `business_name` varchar(30) CHARACTER SET utf8mb4 COLLATE utf8mb4_0900_ai_ci NULL DEFAULT NULL COMMENT '生成业务名',
  `function_name` varchar(50) CHARACTER SET utf8mb4 COLLATE utf8mb4_0900_ai_ci NULL DEFAULT NULL COMMENT '生成功能名',
  `function_author` varchar(50) CHARACTER SET utf8mb4 COLLATE utf8mb4_0900_ai_ci NULL DEFAULT NULL COMMENT '生成功能作者',
  `gen_type` char(1) CHARACTER SET utf8mb4 COLLATE utf8mb4_0900_ai_ci NULL DEFAULT '0' COMMENT '生成代码方式（0zip压缩包 1自定义路径）',
  `gen_path` varchar(200) CHARACTER SET utf8mb4 COLLATE utf8mb4_0900_ai_ci NULL DEFAULT '/' COMMENT '生成路径（不填默认项目路径）',
  `options` varchar(1000) CHARACTER SET utf8mb4 COLLATE utf8mb4_0900_ai_ci NULL DEFAULT NULL COMMENT '其它生成选项',
  `create_by` varchar(64) CHARACTER SET utf8mb4 COLLATE utf8mb4_0900_ai_ci NULL DEFAULT '' COMMENT '创建者',
  `create_time` datetime NULL DEFAULT NULL COMMENT '创建时间',
  `update_by` varchar(64) CHARACTER SET utf8mb4 COLLATE utf8mb4_0900_ai_ci NULL DEFAULT '' COMMENT '更新者',
  `update_time` datetime NULL DEFAULT NULL COMMENT '更新时间',
  `remark` varchar(500) CHARACTER SET utf8mb4 COLLATE utf8mb4_0900_ai_ci NULL DEFAULT NULL COMMENT '备注',
  PRIMARY KEY (`table_id`) USING BTREE
) ENGINE = InnoDB AUTO_INCREMENT = 1 CHARACTER SET = utf8mb4 COLLATE = utf8mb4_0900_ai_ci COMMENT = '代码生成业务表' ROW_FORMAT = Dynamic;

-- ----------------------------
-- Records of gen_table
-- ----------------------------
INSERT INTO `gen_table` VALUES (1, 't_relation_teahcer_certificates', '教师和教师证书关系表', NULL, NULL, 'TRelationTeahcerCertificates', 'crud', 'com.ruoyi.system', 'system', 'tRelationTeahcerCertificates', '教师和教师证书关系', 'ruoyi', '0', '/', '{\"parentMenuId\":\"2000\"}', 'admin', '2023-08-14 19:20:54', '', '2023-08-14 19:23:07', NULL);
INSERT INTO `gen_table` VALUES (2, 't_student', '学生表', NULL, NULL, 'TStudent', 'crud', 'com.ruoyi.system', 'system', 'tStudent', '学生', 'ruoyi', '0', '/', '{\"parentMenuId\":\"2000\"}', 'admin', '2023-08-14 19:20:54', '', '2023-08-14 19:23:11', NULL);
INSERT INTO `gen_table` VALUES (3, 't_subject', '教学科目表', NULL, NULL, 'TSubject', 'crud', 'com.ruoyi.system', 'system', 'tSubject', '教学科目', 'ruoyi', '0', '/', '{\"parentMenuId\":\"2000\"}', 'admin', '2023-08-14 19:20:54', '', '2023-08-14 19:23:16', NULL);
INSERT INTO `gen_table` VALUES (4, 't_teacher', '教师表', NULL, NULL, 'TTeacher', 'crud', 'com.ruoyi.system', 'system', 'tTeacher', '教师', 'ruoyi', '0', '/', '{\"parentMenuId\":\"2000\"}', 'admin', '2023-08-14 19:20:54', '', '2023-08-14 19:23:22', NULL);
INSERT INTO `gen_table` VALUES (5, 't_teacher_advantages', '教师个人优势表', NULL, NULL, 'TTeacherAdvantages', 'crud', 'com.ruoyi.system', 'system', 'tTeacherAdvantages', '教师个人优势', 'ruoyi', '0', '/', '{\"parentMenuId\":\"2000\"}', 'admin', '2023-08-14 19:20:55', '', '2023-08-14 19:23:27', NULL);
INSERT INTO `gen_table` VALUES (6, 't_teacher_advantages_type', '教师个人优势分类表', NULL, NULL, 'TTeacherAdvantagesType', 'crud', 'com.ruoyi.system', 'system', 'tTeacherAdvantagesType', '教师个人优势分类', 'ruoyi', '0', '/', '{\"parentMenuId\":2000}', 'admin', '2023-08-14 19:20:55', '', '2023-08-14 19:23:42', NULL);
INSERT INTO `gen_table` VALUES (7, 't_teacher_certificates', '教师证书表', NULL, NULL, 'TTeacherCertificates', 'crud', 'com.ruoyi.system', 'system', 'tTeacherCertificates', '教师证书', 'ruoyi', '0', '/', '{\"parentMenuId\":2000}', 'admin', '2023-08-14 19:20:55', '', '2023-08-14 19:23:56', NULL);
INSERT INTO `gen_table` VALUES (8, 't_teaching_objects_and_subjects', '教师意向教学表', NULL, NULL, 'TTeachingObjectsAndSubjects', 'crud', 'com.ruoyi.system', 'system', 'tTeachingObjectsAndSubjects', '教师意向教学', 'ruoyi', '0', '/', '{\"parentMenuId\":2000}', 'admin', '2023-08-14 19:20:55', '', '2023-08-14 19:24:10', NULL);
INSERT INTO `gen_table` VALUES (9, 't_teahcer_schedule', '教师可安排时间段表', NULL, NULL, 'TTeahcerSchedule', 'crud', 'com.ruoyi.system', 'system', 'tTeahcerSchedule', '教师可安排时间段', 'ruoyi', '0', '/', '{\"parentMenuId\":2000}', 'admin', '2023-08-14 19:20:55', '', '2023-08-14 19:24:21', NULL);
INSERT INTO `gen_table` VALUES (10, 't_user', '用户表', NULL, NULL, 'TUser', 'crud', 'com.ruoyi.system', 'system', 'tUser', '用户', 'ruoyi', '0', '/', '{\"parentMenuId\":2000}', 'admin', '2023-08-14 19:20:55', '', '2023-08-14 19:24:37', NULL);

-- ----------------------------
-- Table structure for gen_table_column
-- ----------------------------
DROP TABLE IF EXISTS `gen_table_column`;
CREATE TABLE `gen_table_column`  (
  `column_id` bigint NOT NULL AUTO_INCREMENT COMMENT '编号',
  `table_id` varchar(64) CHARACTER SET utf8mb4 COLLATE utf8mb4_0900_ai_ci NULL DEFAULT NULL COMMENT '归属表编号',
  `column_name` varchar(200) CHARACTER SET utf8mb4 COLLATE utf8mb4_0900_ai_ci NULL DEFAULT NULL COMMENT '列名称',
  `column_comment` varchar(500) CHARACTER SET utf8mb4 COLLATE utf8mb4_0900_ai_ci NULL DEFAULT NULL COMMENT '列描述',
  `column_type` varchar(100) CHARACTER SET utf8mb4 COLLATE utf8mb4_0900_ai_ci NULL DEFAULT NULL COMMENT '列类型',
  `java_type` varchar(500) CHARACTER SET utf8mb4 COLLATE utf8mb4_0900_ai_ci NULL DEFAULT NULL COMMENT 'JAVA类型',
  `java_field` varchar(200) CHARACTER SET utf8mb4 COLLATE utf8mb4_0900_ai_ci NULL DEFAULT NULL COMMENT 'JAVA字段名',
  `is_pk` char(1) CHARACTER SET utf8mb4 COLLATE utf8mb4_0900_ai_ci NULL DEFAULT NULL COMMENT '是否主键（1是）',
  `is_increment` char(1) CHARACTER SET utf8mb4 COLLATE utf8mb4_0900_ai_ci NULL DEFAULT NULL COMMENT '是否自增（1是）',
  `is_required` char(1) CHARACTER SET utf8mb4 COLLATE utf8mb4_0900_ai_ci NULL DEFAULT NULL COMMENT '是否必填（1是）',
  `is_insert` char(1) CHARACTER SET utf8mb4 COLLATE utf8mb4_0900_ai_ci NULL DEFAULT NULL COMMENT '是否为插入字段（1是）',
  `is_edit` char(1) CHARACTER SET utf8mb4 COLLATE utf8mb4_0900_ai_ci NULL DEFAULT NULL COMMENT '是否编辑字段（1是）',
  `is_list` char(1) CHARACTER SET utf8mb4 COLLATE utf8mb4_0900_ai_ci NULL DEFAULT NULL COMMENT '是否列表字段（1是）',
  `is_query` char(1) CHARACTER SET utf8mb4 COLLATE utf8mb4_0900_ai_ci NULL DEFAULT NULL COMMENT '是否查询字段（1是）',
  `query_type` varchar(200) CHARACTER SET utf8mb4 COLLATE utf8mb4_0900_ai_ci NULL DEFAULT 'EQ' COMMENT '查询方式（等于、不等于、大于、小于、范围）',
  `html_type` varchar(200) CHARACTER SET utf8mb4 COLLATE utf8mb4_0900_ai_ci NULL DEFAULT NULL COMMENT '显示类型（文本框、文本域、下拉框、复选框、单选框、日期控件）',
  `dict_type` varchar(200) CHARACTER SET utf8mb4 COLLATE utf8mb4_0900_ai_ci NULL DEFAULT '' COMMENT '字典类型',
  `sort` int NULL DEFAULT NULL COMMENT '排序',
  `create_by` varchar(64) CHARACTER SET utf8mb4 COLLATE utf8mb4_0900_ai_ci NULL DEFAULT '' COMMENT '创建者',
  `create_time` datetime NULL DEFAULT NULL COMMENT '创建时间',
  `update_by` varchar(64) CHARACTER SET utf8mb4 COLLATE utf8mb4_0900_ai_ci NULL DEFAULT '' COMMENT '更新者',
  `update_time` datetime NULL DEFAULT NULL COMMENT '更新时间',
  PRIMARY KEY (`column_id`) USING BTREE
) ENGINE = InnoDB AUTO_INCREMENT = 1 CHARACTER SET = utf8mb4 COLLATE = utf8mb4_0900_ai_ci COMMENT = '代码生成业务表字段' ROW_FORMAT = Dynamic;

-- ----------------------------
-- Records of gen_table_column
-- ----------------------------
INSERT INTO `gen_table_column` VALUES (1, '1', 'ID', '主键ID', 'int', 'Long', 'id', '1', '1', NULL, NULL, NULL, NULL, NULL, 'EQ', 'input', '', 1, 'admin', '2023-08-14 19:20:54', '', '2023-08-14 19:23:07');
INSERT INTO `gen_table_column` VALUES (2, '1', 'teacher_certificates', '教师基本证件ID', 'int', 'Long', 'teacherCertificates', '0', '0', NULL, '1', '1', '1', '1', 'EQ', 'input', '', 2, 'admin', '2023-08-14 19:20:54', '', '2023-08-14 19:23:07');
INSERT INTO `gen_table_column` VALUES (3, '1', 'teacher_id', '教师ID', 'int', 'Long', 'teacherId', '0', '0', NULL, '1', '1', '1', '1', 'EQ', 'input', '', 3, 'admin', '2023-08-14 19:20:54', '', '2023-08-14 19:23:07');
INSERT INTO `gen_table_column` VALUES (4, '1', 'certificates_photo_1', '证件照1', 'varchar(255)', 'String', 'certificatesPhoto1', '0', '0', NULL, '1', '1', '1', '1', 'EQ', 'input', '', 4, 'admin', '2023-08-14 19:20:54', '', '2023-08-14 19:23:07');
INSERT INTO `gen_table_column` VALUES (5, '1', 'certificates_photo_2', '证件照2', 'varchar(255)', 'String', 'certificatesPhoto2', '0', '0', NULL, '1', '1', '1', '1', 'EQ', 'input', '', 5, 'admin', '2023-08-14 19:20:54', '', '2023-08-14 19:23:07');
INSERT INTO `gen_table_column` VALUES (6, '1', 'certificates_photo_3', '证件照3', 'varchar(255)', 'String', 'certificatesPhoto3', '0', '0', NULL, '1', '1', '1', '1', 'EQ', 'input', '', 6, 'admin', '2023-08-14 19:20:54', '', '2023-08-14 19:23:07');
INSERT INTO `gen_table_column` VALUES (7, '1', 'certificates_photo_4', '证件照4', 'varchar(255)', 'String', 'certificatesPhoto4', '0', '0', NULL, '1', '1', '1', '1', 'EQ', 'input', '', 7, 'admin', '2023-08-14 19:20:54', '', '2023-08-14 19:23:07');
INSERT INTO `gen_table_column` VALUES (8, '1', 'certificates_photo_5', '证件照5', 'varchar(255)', 'String', 'certificatesPhoto5', '0', '0', NULL, '1', '1', '1', '1', 'EQ', 'input', '', 8, 'admin', '2023-08-14 19:20:54', '', '2023-08-14 19:23:07');
INSERT INTO `gen_table_column` VALUES (9, '1', 'CREATED_BY', '创建人', 'int', 'Long', 'createdBy', '0', '0', NULL, '1', '1', '1', '1', 'EQ', 'input', '', 9, 'admin', '2023-08-14 19:20:54', '', '2023-08-14 19:23:07');
INSERT INTO `gen_table_column` VALUES (10, '1', 'CREATED_TIME', '创建时间', 'datetime', 'Date', 'createdTime', '0', '0', NULL, '1', '1', '1', '1', 'EQ', 'datetime', '', 10, 'admin', '2023-08-14 19:20:54', '', '2023-08-14 19:23:07');
INSERT INTO `gen_table_column` VALUES (11, '1', 'UPDATED_BY', '更新人', 'int', 'Long', 'updatedBy', '0', '0', NULL, '1', '1', '1', '1', 'EQ', 'input', '', 11, 'admin', '2023-08-14 19:20:54', '', '2023-08-14 19:23:07');
INSERT INTO `gen_table_column` VALUES (12, '1', 'UPDATED_TIME', '更新时间', 'datetime', 'Date', 'updatedTime', '0', '0', NULL, '1', '1', '1', '1', 'EQ', 'datetime', '', 12, 'admin', '2023-08-14 19:20:54', '', '2023-08-14 19:23:07');
INSERT INTO `gen_table_column` VALUES (13, '1', 'DELETE_BY', '删除人', 'int', 'Long', 'deleteBy', '0', '0', NULL, '1', '1', '1', '1', 'EQ', 'input', '', 13, 'admin', '2023-08-14 19:20:54', '', '2023-08-14 19:23:07');
INSERT INTO `gen_table_column` VALUES (14, '1', 'DELETE_TIME', '删除时间', 'datetime', 'Date', 'deleteTime', '0', '0', NULL, '1', '1', '1', '1', 'EQ', 'datetime', '', 14, 'admin', '2023-08-14 19:20:54', '', '2023-08-14 19:23:07');
INSERT INTO `gen_table_column` VALUES (15, '1', 'NOTE', '备注', 'varchar(255)', 'String', 'note', '0', '0', NULL, '1', '1', '1', '1', 'EQ', 'input', '', 15, 'admin', '2023-08-14 19:20:54', '', '2023-08-14 19:23:07');
INSERT INTO `gen_table_column` VALUES (16, '2', 'ID', '主键ID', 'int', 'Long', 'id', '1', '1', NULL, NULL, NULL, NULL, NULL, 'EQ', 'input', '', 1, 'admin', '2023-08-14 19:20:54', '', '2023-08-14 19:23:11');
INSERT INTO `gen_table_column` VALUES (17, '2', 'user_id', '用户ID', 'int', 'Long', 'userId', '0', '0', NULL, '1', '1', '1', '1', 'EQ', 'input', '', 2, 'admin', '2023-08-14 19:20:54', '', '2023-08-14 19:23:11');
INSERT INTO `gen_table_column` VALUES (18, '2', 'student_code', '学号', 'varchar(255)', 'String', 'studentCode', '0', '0', NULL, '1', '1', '1', '1', 'EQ', 'input', '', 3, 'admin', '2023-08-14 19:20:54', '', '2023-08-14 19:23:11');
INSERT INTO `gen_table_column` VALUES (19, '2', 'student_name', '作为学生名字', 'varchar(255)', 'String', 'studentName', '0', '0', NULL, '1', '1', '1', '1', 'LIKE', 'input', '', 4, 'admin', '2023-08-14 19:20:54', '', '2023-08-14 19:23:11');
INSERT INTO `gen_table_column` VALUES (20, '2', 'student_birthday', '学生出生日期', 'datetime', 'Date', 'studentBirthday', '0', '0', NULL, '1', '1', '1', '1', 'EQ', 'datetime', '', 5, 'admin', '2023-08-14 19:20:54', '', '2023-08-14 19:23:11');
INSERT INTO `gen_table_column` VALUES (21, '2', 'student_age', '学龄', 'varchar(255)', 'String', 'studentAge', '0', '0', NULL, '1', '1', '1', '1', 'EQ', 'input', '', 6, 'admin', '2023-08-14 19:20:54', '', '2023-08-14 19:23:11');
INSERT INTO `gen_table_column` VALUES (22, '2', 'student_rate', '学习进度', 'varchar(255)', 'String', 'studentRate', '0', '0', NULL, '1', '1', '1', '1', 'EQ', 'input', '', 7, 'admin', '2023-08-14 19:20:54', '', '2023-08-14 19:23:11');
INSERT INTO `gen_table_column` VALUES (23, '2', 'student_phone', '学生手机号', 'varchar(255)', 'String', 'studentPhone', '0', '0', NULL, '1', '1', '1', '1', 'EQ', 'input', '', 8, 'admin', '2023-08-14 19:20:54', '', '2023-08-14 19:23:11');
INSERT INTO `gen_table_column` VALUES (24, '2', 'student_email', '学生邮箱', 'varchar(255)', 'String', 'studentEmail', '0', '0', NULL, '1', '1', '1', '1', 'EQ', 'input', '', 9, 'admin', '2023-08-14 19:20:54', '', '2023-08-14 19:23:11');
INSERT INTO `gen_table_column` VALUES (25, '2', 'CREATED_BY', '创建人', 'int', 'Long', 'createdBy', '0', '0', NULL, '1', '1', '1', '1', 'EQ', 'input', '', 10, 'admin', '2023-08-14 19:20:54', '', '2023-08-14 19:23:11');
INSERT INTO `gen_table_column` VALUES (26, '2', 'CREATED_TIME', '创建时间', 'datetime', 'Date', 'createdTime', '0', '0', NULL, '1', '1', '1', '1', 'EQ', 'datetime', '', 11, 'admin', '2023-08-14 19:20:54', '', '2023-08-14 19:23:11');
INSERT INTO `gen_table_column` VALUES (27, '2', 'UPDATED_BY', '更新人', 'int', 'Long', 'updatedBy', '0', '0', NULL, '1', '1', '1', '1', 'EQ', 'input', '', 12, 'admin', '2023-08-14 19:20:54', '', '2023-08-14 19:23:11');
INSERT INTO `gen_table_column` VALUES (28, '2', 'UPDATED_TIME', '更新时间', 'datetime', 'Date', 'updatedTime', '0', '0', NULL, '1', '1', '1', '1', 'EQ', 'datetime', '', 13, 'admin', '2023-08-14 19:20:54', '', '2023-08-14 19:23:11');
INSERT INTO `gen_table_column` VALUES (29, '2', 'DELETE_BY', '删除人', 'int', 'Long', 'deleteBy', '0', '0', NULL, '1', '1', '1', '1', 'EQ', 'input', '', 14, 'admin', '2023-08-14 19:20:54', '', '2023-08-14 19:23:11');
INSERT INTO `gen_table_column` VALUES (30, '2', 'DELETE_TIME', '删除时间', 'datetime', 'Date', 'deleteTime', '0', '0', NULL, '1', '1', '1', '1', 'EQ', 'datetime', '', 15, 'admin', '2023-08-14 19:20:54', '', '2023-08-14 19:23:11');
INSERT INTO `gen_table_column` VALUES (31, '2', 'NOTE', '备注', 'varchar(255)', 'String', 'note', '0', '0', NULL, '1', '1', '1', '1', 'EQ', 'input', '', 16, 'admin', '2023-08-14 19:20:54', '', '2023-08-14 19:23:11');
INSERT INTO `gen_table_column` VALUES (32, '3', 'ID', '主键ID', 'int', 'Long', 'id', '1', '1', NULL, NULL, NULL, NULL, NULL, 'EQ', 'input', '', 1, 'admin', '2023-08-14 19:20:54', '', '2023-08-14 19:23:16');
INSERT INTO `gen_table_column` VALUES (33, '3', 'subject_name', '教学科目名', 'varchar(255)', 'String', 'subjectName', '0', '0', NULL, '1', '1', '1', '1', 'LIKE', 'input', '', 2, 'admin', '2023-08-14 19:20:54', '', '2023-08-14 19:23:16');
INSERT INTO `gen_table_column` VALUES (34, '3', 'subject_icon', '学科图标', 'varchar(255)', 'String', 'subjectIcon', '0', '0', NULL, '1', '1', '1', '1', 'EQ', 'input', '', 3, 'admin', '2023-08-14 19:20:54', '', '2023-08-14 19:23:16');
INSERT INTO `gen_table_column` VALUES (35, '3', 'subject_sort', '学科排序代码', 'int', 'Long', 'subjectSort', '0', '0', NULL, '1', '1', '1', '1', 'EQ', 'input', '', 4, 'admin', '2023-08-14 19:20:54', '', '2023-08-14 19:23:16');
INSERT INTO `gen_table_column` VALUES (36, '3', 'CREATED_BY', '创建人', 'int', 'Long', 'createdBy', '0', '0', NULL, '1', '1', '1', '1', 'EQ', 'input', '', 5, 'admin', '2023-08-14 19:20:54', '', '2023-08-14 19:23:16');
INSERT INTO `gen_table_column` VALUES (37, '3', 'CREATED_TIME', '创建时间', 'datetime', 'Date', 'createdTime', '0', '0', NULL, '1', '1', '1', '1', 'EQ', 'datetime', '', 6, 'admin', '2023-08-14 19:20:54', '', '2023-08-14 19:23:16');
INSERT INTO `gen_table_column` VALUES (38, '3', 'UPDATED_BY', '更新人', 'int', 'Long', 'updatedBy', '0', '0', NULL, '1', '1', '1', '1', 'EQ', 'input', '', 7, 'admin', '2023-08-14 19:20:54', '', '2023-08-14 19:23:16');
INSERT INTO `gen_table_column` VALUES (39, '3', 'UPDATED_TIME', '更新时间', 'datetime', 'Date', 'updatedTime', '0', '0', NULL, '1', '1', '1', '1', 'EQ', 'datetime', '', 8, 'admin', '2023-08-14 19:20:54', '', '2023-08-14 19:23:16');
INSERT INTO `gen_table_column` VALUES (40, '3', 'DELETE_BY', '删除人', 'int', 'Long', 'deleteBy', '0', '0', NULL, '1', '1', '1', '1', 'EQ', 'input', '', 9, 'admin', '2023-08-14 19:20:54', '', '2023-08-14 19:23:16');
INSERT INTO `gen_table_column` VALUES (41, '3', 'DELETE_TIME', '删除时间', 'datetime', 'Date', 'deleteTime', '0', '0', NULL, '1', '1', '1', '1', 'EQ', 'datetime', '', 10, 'admin', '2023-08-14 19:20:54', '', '2023-08-14 19:23:16');
INSERT INTO `gen_table_column` VALUES (42, '3', 'NOTE', '备注', 'varchar(255)', 'String', 'note', '0', '0', NULL, '1', '1', '1', '1', 'EQ', 'input', '', 11, 'admin', '2023-08-14 19:20:54', '', '2023-08-14 19:23:16');
INSERT INTO `gen_table_column` VALUES (43, '4', 'ID', '主键ID', 'int', 'Long', 'id', '1', '1', NULL, NULL, NULL, NULL, NULL, 'EQ', 'input', '', 1, 'admin', '2023-08-14 19:20:54', '', '2023-08-14 19:23:22');
INSERT INTO `gen_table_column` VALUES (44, '4', 'user_id', '用户ID', 'varchar(255)', 'String', 'userId', '0', '0', NULL, '1', '1', '1', '1', 'EQ', 'input', '', 2, 'admin', '2023-08-14 19:20:54', '', '2023-08-14 19:23:22');
INSERT INTO `gen_table_column` VALUES (45, '4', 'teacher_name', '作为教师时的教师名', 'varchar(255)', 'String', 'teacherName', '0', '0', NULL, '1', '1', '1', '1', 'LIKE', 'input', '', 3, 'admin', '2023-08-14 19:20:54', '', '2023-08-14 19:23:22');
INSERT INTO `gen_table_column` VALUES (46, '4', 'teacher_code', '教师编号', 'varchar(255)', 'String', 'teacherCode', '0', '0', NULL, '1', '1', '1', '1', 'EQ', 'input', '', 4, 'admin', '2023-08-14 19:20:54', '', '2023-08-14 19:23:22');
INSERT INTO `gen_table_column` VALUES (47, '4', 'teacher_score', '教师评分', 'int', 'Long', 'teacherScore', '0', '0', NULL, '1', '1', '1', '1', 'EQ', 'input', '', 5, 'admin', '2023-08-14 19:20:54', '', '2023-08-14 19:23:22');
INSERT INTO `gen_table_column` VALUES (48, '4', 'teacher_picture', '教师老师照片链接', 'varchar(255)', 'String', 'teacherPicture', '0', '0', NULL, '1', '1', '1', '1', 'EQ', 'input', '', 6, 'admin', '2023-08-14 19:20:54', '', '2023-08-14 19:23:22');
INSERT INTO `gen_table_column` VALUES (49, '4', 'teacher_email', '教师电子邮箱', 'varchar(255)', 'String', 'teacherEmail', '0', '0', NULL, '1', '1', '1', '1', 'EQ', 'input', '', 7, 'admin', '2023-08-14 19:20:54', '', '2023-08-14 19:23:22');
INSERT INTO `gen_table_column` VALUES (50, '4', 'teacher_school', '教师院校名称', 'varchar(255)', 'String', 'teacherSchool', '0', '0', NULL, '1', '1', '1', '1', 'EQ', 'input', '', 8, 'admin', '2023-08-14 19:20:54', '', '2023-08-14 19:23:22');
INSERT INTO `gen_table_column` VALUES (51, '4', 'teacher_major', '所学专业', 'varchar(255)', 'String', 'teacherMajor', '0', '0', NULL, '1', '1', '1', '1', 'EQ', 'input', '', 9, 'admin', '2023-08-14 19:20:54', '', '2023-08-14 19:23:22');
INSERT INTO `gen_table_column` VALUES (52, '4', 'teacher_education', '当前学历', 'varchar(255)', 'String', 'teacherEducation', '0', '0', NULL, '1', '1', '1', '1', 'EQ', 'input', '', 10, 'admin', '2023-08-14 19:20:54', '', '2023-08-14 19:23:22');
INSERT INTO `gen_table_column` VALUES (53, '4', 'teahcer_countryregion', '所在国家或地区', 'varchar(255)', 'String', 'teahcerCountryregion', '0', '0', NULL, '1', '1', '1', '1', 'EQ', 'input', '', 11, 'admin', '2023-08-14 19:20:54', '', '2023-08-14 19:23:22');
INSERT INTO `gen_table_column` VALUES (54, '4', 'teacher_informedbrief', '教师知情简述', 'varchar(255)', 'String', 'teacherInformedbrief', '0', '0', NULL, '1', '1', '1', '1', 'EQ', 'input', '', 12, 'admin', '2023-08-14 19:20:54', '', '2023-08-14 19:23:22');
INSERT INTO `gen_table_column` VALUES (55, '4', 'teacher_signature', '教师签名', 'varchar(255)', 'String', 'teacherSignature', '0', '0', NULL, '1', '1', '1', '1', 'EQ', 'input', '', 13, 'admin', '2023-08-14 19:20:54', '', '2023-08-14 19:23:22');
INSERT INTO `gen_table_column` VALUES (56, '4', 'teacher_party', '教师政治面貌', 'varchar(255)', 'String', 'teacherParty', '0', '0', NULL, '1', '1', '1', '1', 'EQ', 'input', '', 14, 'admin', '2023-08-14 19:20:54', '', '2023-08-14 19:23:22');
INSERT INTO `gen_table_column` VALUES (57, '4', 'teacher_nationality', '教师民族', 'varchar(255)', 'String', 'teacherNationality', '0', '0', NULL, '1', '1', '1', '1', 'EQ', 'input', '', 15, 'admin', '2023-08-14 19:20:55', '', '2023-08-14 19:23:22');
INSERT INTO `gen_table_column` VALUES (58, '4', 'teacher_experience', '教学或工作经历', 'varchar(255)', 'String', 'teacherExperience', '0', '0', NULL, '1', '1', '1', '1', 'EQ', 'input', '', 16, 'admin', '2023-08-14 19:20:55', '', '2023-08-14 19:23:22');
INSERT INTO `gen_table_column` VALUES (59, '4', 'teacher_remark', '备注', 'varchar(255)', 'String', 'teacherRemark', '0', '0', NULL, '1', '1', '1', '1', 'EQ', 'input', '', 17, 'admin', '2023-08-14 19:20:55', '', '2023-08-14 19:23:22');
INSERT INTO `gen_table_column` VALUES (60, '4', 'teahcer_status', '教师状态', 'varchar(255)', 'String', 'teahcerStatus', '0', '0', NULL, '1', '1', '1', '1', 'EQ', 'radio', '', 18, 'admin', '2023-08-14 19:20:55', '', '2023-08-14 19:23:22');
INSERT INTO `gen_table_column` VALUES (61, '4', 'CREATED_BY', '创建人', 'int', 'Long', 'createdBy', '0', '0', NULL, '1', '1', '1', '1', 'EQ', 'input', '', 19, 'admin', '2023-08-14 19:20:55', '', '2023-08-14 19:23:22');
INSERT INTO `gen_table_column` VALUES (62, '4', 'CREATED_TIME', '创建时间', 'datetime', 'Date', 'createdTime', '0', '0', NULL, '1', '1', '1', '1', 'EQ', 'datetime', '', 20, 'admin', '2023-08-14 19:20:55', '', '2023-08-14 19:23:22');
INSERT INTO `gen_table_column` VALUES (63, '4', 'UPDATED_BY', '更新人', 'int', 'Long', 'updatedBy', '0', '0', NULL, '1', '1', '1', '1', 'EQ', 'input', '', 21, 'admin', '2023-08-14 19:20:55', '', '2023-08-14 19:23:22');
INSERT INTO `gen_table_column` VALUES (64, '4', 'UPDATED_TIME', '更新时间', 'datetime', 'Date', 'updatedTime', '0', '0', NULL, '1', '1', '1', '1', 'EQ', 'datetime', '', 22, 'admin', '2023-08-14 19:20:55', '', '2023-08-14 19:23:22');
INSERT INTO `gen_table_column` VALUES (65, '4', 'DELETE_BY', '删除人', 'int', 'Long', 'deleteBy', '0', '0', NULL, '1', '1', '1', '1', 'EQ', 'input', '', 23, 'admin', '2023-08-14 19:20:55', '', '2023-08-14 19:23:22');
INSERT INTO `gen_table_column` VALUES (66, '4', 'DELETE_TIME', '删除时间', 'datetime', 'Date', 'deleteTime', '0', '0', NULL, '1', '1', '1', '1', 'EQ', 'datetime', '', 24, 'admin', '2023-08-14 19:20:55', '', '2023-08-14 19:23:22');
INSERT INTO `gen_table_column` VALUES (67, '4', 'NOTE', '备注', 'varchar(255)', 'String', 'note', '0', '0', NULL, '1', '1', '1', '1', 'EQ', 'input', '', 25, 'admin', '2023-08-14 19:20:55', '', '2023-08-14 19:23:22');
INSERT INTO `gen_table_column` VALUES (68, '5', 'ID', '主键ID', 'int', 'Long', 'id', '1', '1', NULL, NULL, NULL, NULL, NULL, 'EQ', 'input', '', 1, 'admin', '2023-08-14 19:20:55', '', '2023-08-14 19:23:27');
INSERT INTO `gen_table_column` VALUES (69, '5', 'personal_advantages_type_id', '个人优势分类ID', 'int', 'Long', 'personalAdvantagesTypeId', '0', '0', NULL, '1', '1', '1', '1', 'EQ', 'input', '', 2, 'admin', '2023-08-14 19:20:55', '', '2023-08-14 19:23:27');
INSERT INTO `gen_table_column` VALUES (70, '5', 'advantages_remark', '优势详情', 'varchar(255)', 'String', 'advantagesRemark', '0', '0', NULL, '1', '1', '1', '1', 'EQ', 'input', '', 3, 'admin', '2023-08-14 19:20:55', '', '2023-08-14 19:23:27');
INSERT INTO `gen_table_column` VALUES (71, '5', 'CREATED_BY', '创建人', 'int', 'Long', 'createdBy', '0', '0', NULL, '1', '1', '1', '1', 'EQ', 'input', '', 4, 'admin', '2023-08-14 19:20:55', '', '2023-08-14 19:23:27');
INSERT INTO `gen_table_column` VALUES (72, '5', 'CREATED_TIME', '创建时间', 'datetime', 'Date', 'createdTime', '0', '0', NULL, '1', '1', '1', '1', 'EQ', 'datetime', '', 5, 'admin', '2023-08-14 19:20:55', '', '2023-08-14 19:23:27');
INSERT INTO `gen_table_column` VALUES (73, '5', 'UPDATED_BY', '更新人', 'int', 'Long', 'updatedBy', '0', '0', NULL, '1', '1', '1', '1', 'EQ', 'input', '', 6, 'admin', '2023-08-14 19:20:55', '', '2023-08-14 19:23:27');
INSERT INTO `gen_table_column` VALUES (74, '5', 'UPDATED_TIME', '更新时间', 'datetime', 'Date', 'updatedTime', '0', '0', NULL, '1', '1', '1', '1', 'EQ', 'datetime', '', 7, 'admin', '2023-08-14 19:20:55', '', '2023-08-14 19:23:27');
INSERT INTO `gen_table_column` VALUES (75, '5', 'DELETE_BY', '删除人', 'int', 'Long', 'deleteBy', '0', '0', NULL, '1', '1', '1', '1', 'EQ', 'input', '', 8, 'admin', '2023-08-14 19:20:55', '', '2023-08-14 19:23:27');
INSERT INTO `gen_table_column` VALUES (76, '5', 'DELETE_TIME', '删除时间', 'datetime', 'Date', 'deleteTime', '0', '0', NULL, '1', '1', '1', '1', 'EQ', 'datetime', '', 9, 'admin', '2023-08-14 19:20:55', '', '2023-08-14 19:23:27');
INSERT INTO `gen_table_column` VALUES (77, '5', 'NOTE', '备注', 'varchar(255)', 'String', 'note', '0', '0', NULL, '1', '1', '1', '1', 'EQ', 'input', '', 10, 'admin', '2023-08-14 19:20:55', '', '2023-08-14 19:23:27');
INSERT INTO `gen_table_column` VALUES (78, '6', 'ID', '主键ID', 'int', 'Long', 'id', '1', '1', NULL, NULL, NULL, NULL, NULL, 'EQ', 'input', '', 1, 'admin', '2023-08-14 19:20:55', '', '2023-08-14 19:23:42');
INSERT INTO `gen_table_column` VALUES (79, '6', 'personal_advantages', '个人优势', 'varchar(255)', 'String', 'personalAdvantages', '0', '0', NULL, '1', '1', '1', '1', 'EQ', 'input', '', 2, 'admin', '2023-08-14 19:20:55', '', '2023-08-14 19:23:42');
INSERT INTO `gen_table_column` VALUES (80, '6', 'CREATED_BY', '创建人', 'int', 'Long', 'createdBy', '0', '0', NULL, '1', '1', '1', '1', 'EQ', 'input', '', 3, 'admin', '2023-08-14 19:20:55', '', '2023-08-14 19:23:42');
INSERT INTO `gen_table_column` VALUES (81, '6', 'CREATED_TIME', '创建时间', 'datetime', 'Date', 'createdTime', '0', '0', NULL, '1', '1', '1', '1', 'EQ', 'datetime', '', 4, 'admin', '2023-08-14 19:20:55', '', '2023-08-14 19:23:42');
INSERT INTO `gen_table_column` VALUES (82, '6', 'UPDATED_BY', '更新人', 'int', 'Long', 'updatedBy', '0', '0', NULL, '1', '1', '1', '1', 'EQ', 'input', '', 5, 'admin', '2023-08-14 19:20:55', '', '2023-08-14 19:23:42');
INSERT INTO `gen_table_column` VALUES (83, '6', 'UPDATED_TIME', '更新时间', 'datetime', 'Date', 'updatedTime', '0', '0', NULL, '1', '1', '1', '1', 'EQ', 'datetime', '', 6, 'admin', '2023-08-14 19:20:55', '', '2023-08-14 19:23:42');
INSERT INTO `gen_table_column` VALUES (84, '6', 'DELETE_BY', '删除人', 'int', 'Long', 'deleteBy', '0', '0', NULL, '1', '1', '1', '1', 'EQ', 'input', '', 7, 'admin', '2023-08-14 19:20:55', '', '2023-08-14 19:23:42');
INSERT INTO `gen_table_column` VALUES (85, '6', 'DELETE_TIME', '删除时间', 'datetime', 'Date', 'deleteTime', '0', '0', NULL, '1', '1', '1', '1', 'EQ', 'datetime', '', 8, 'admin', '2023-08-14 19:20:55', '', '2023-08-14 19:23:42');
INSERT INTO `gen_table_column` VALUES (86, '6', 'NOTE', '备注', 'varchar(255)', 'String', 'note', '0', '0', NULL, '1', '1', '1', '1', 'EQ', 'input', '', 9, 'admin', '2023-08-14 19:20:55', '', '2023-08-14 19:23:42');
INSERT INTO `gen_table_column` VALUES (87, '7', 'ID', '主键ID', 'int', 'Long', 'id', '1', '1', NULL, NULL, NULL, NULL, NULL, 'EQ', 'input', '', 1, 'admin', '2023-08-14 19:20:55', '', '2023-08-14 19:23:56');
INSERT INTO `gen_table_column` VALUES (88, '7', 'certificates_name', '证书名', 'varchar(255)', 'String', 'certificatesName', '0', '0', NULL, '1', '1', '1', '1', 'LIKE', 'input', '', 2, 'admin', '2023-08-14 19:20:55', '', '2023-08-14 19:23:56');
INSERT INTO `gen_table_column` VALUES (89, '7', 'certificates_remark', '证书备注', 'varchar(255)', 'String', 'certificatesRemark', '0', '0', NULL, '1', '1', '1', '1', 'EQ', 'input', '', 3, 'admin', '2023-08-14 19:20:55', '', '2023-08-14 19:23:56');
INSERT INTO `gen_table_column` VALUES (90, '7', 'CREATED_BY', '创建人', 'int', 'Long', 'createdBy', '0', '0', NULL, '1', '1', '1', '1', 'EQ', 'input', '', 4, 'admin', '2023-08-14 19:20:55', '', '2023-08-14 19:23:56');
INSERT INTO `gen_table_column` VALUES (91, '7', 'CREATED_TIME', '创建时间', 'datetime', 'Date', 'createdTime', '0', '0', NULL, '1', '1', '1', '1', 'EQ', 'datetime', '', 5, 'admin', '2023-08-14 19:20:55', '', '2023-08-14 19:23:56');
INSERT INTO `gen_table_column` VALUES (92, '7', 'UPDATED_BY', '更新人', 'int', 'Long', 'updatedBy', '0', '0', NULL, '1', '1', '1', '1', 'EQ', 'input', '', 6, 'admin', '2023-08-14 19:20:55', '', '2023-08-14 19:23:56');
INSERT INTO `gen_table_column` VALUES (93, '7', 'UPDATED_TIME', '更新时间', 'datetime', 'Date', 'updatedTime', '0', '0', NULL, '1', '1', '1', '1', 'EQ', 'datetime', '', 7, 'admin', '2023-08-14 19:20:55', '', '2023-08-14 19:23:56');
INSERT INTO `gen_table_column` VALUES (94, '7', 'DELETE_BY', '删除人', 'int', 'Long', 'deleteBy', '0', '0', NULL, '1', '1', '1', '1', 'EQ', 'input', '', 8, 'admin', '2023-08-14 19:20:55', '', '2023-08-14 19:23:56');
INSERT INTO `gen_table_column` VALUES (95, '7', 'DELETE_TIME', '删除时间', 'datetime', 'Date', 'deleteTime', '0', '0', NULL, '1', '1', '1', '1', 'EQ', 'datetime', '', 9, 'admin', '2023-08-14 19:20:55', '', '2023-08-14 19:23:56');
INSERT INTO `gen_table_column` VALUES (96, '7', 'NOTE', '备注', 'varchar(255)', 'String', 'note', '0', '0', NULL, '1', '1', '1', '1', 'EQ', 'input', '', 10, 'admin', '2023-08-14 19:20:55', '', '2023-08-14 19:23:56');
INSERT INTO `gen_table_column` VALUES (97, '8', 'ID', '主键ID', 'int', 'Long', 'id', '1', '1', NULL, NULL, NULL, NULL, NULL, 'EQ', 'input', '', 1, 'admin', '2023-08-14 19:20:55', '', '2023-08-14 19:24:10');
INSERT INTO `gen_table_column` VALUES (98, '8', 'teacher_id', '教师ID', 'int', 'Long', 'teacherId', '0', '0', NULL, '1', '1', '1', '1', 'EQ', 'input', '', 2, 'admin', '2023-08-14 19:20:55', '', '2023-08-14 19:24:10');
INSERT INTO `gen_table_column` VALUES (99, '8', 'teaching_year', '教学年段', 'varchar(255)', 'String', 'teachingYear', '0', '0', NULL, '1', '1', '1', '1', 'EQ', 'input', '', 3, 'admin', '2023-08-14 19:20:55', '', '2023-08-14 19:24:10');
INSERT INTO `gen_table_column` VALUES (100, '8', 'subject_id', '教学科目ID', 'varchar(255)', 'String', 'subjectId', '0', '0', NULL, '1', '1', '1', '1', 'EQ', 'input', '', 4, 'admin', '2023-08-14 19:20:55', '', '2023-08-14 19:24:10');
INSERT INTO `gen_table_column` VALUES (101, '8', 'teaching_remark', '教学备注', 'varchar(255)', 'String', 'teachingRemark', '0', '0', NULL, '1', '1', '1', '1', 'EQ', 'input', '', 5, 'admin', '2023-08-14 19:20:55', '', '2023-08-14 19:24:10');
INSERT INTO `gen_table_column` VALUES (102, '8', 'CREATED_BY', '创建人', 'int', 'Long', 'createdBy', '0', '0', NULL, '1', '1', '1', '1', 'EQ', 'input', '', 6, 'admin', '2023-08-14 19:20:55', '', '2023-08-14 19:24:10');
INSERT INTO `gen_table_column` VALUES (103, '8', 'CREATED_TIME', '创建时间', 'datetime', 'Date', 'createdTime', '0', '0', NULL, '1', '1', '1', '1', 'EQ', 'datetime', '', 7, 'admin', '2023-08-14 19:20:55', '', '2023-08-14 19:24:10');
INSERT INTO `gen_table_column` VALUES (104, '8', 'UPDATED_BY', '更新人', 'int', 'Long', 'updatedBy', '0', '0', NULL, '1', '1', '1', '1', 'EQ', 'input', '', 8, 'admin', '2023-08-14 19:20:55', '', '2023-08-14 19:24:10');
INSERT INTO `gen_table_column` VALUES (105, '8', 'UPDATED_TIME', '更新时间', 'datetime', 'Date', 'updatedTime', '0', '0', NULL, '1', '1', '1', '1', 'EQ', 'datetime', '', 9, 'admin', '2023-08-14 19:20:55', '', '2023-08-14 19:24:10');
INSERT INTO `gen_table_column` VALUES (106, '8', 'DELETE_BY', '删除人', 'int', 'Long', 'deleteBy', '0', '0', NULL, '1', '1', '1', '1', 'EQ', 'input', '', 10, 'admin', '2023-08-14 19:20:55', '', '2023-08-14 19:24:10');
INSERT INTO `gen_table_column` VALUES (107, '8', 'DELETE_TIME', '删除时间', 'datetime', 'Date', 'deleteTime', '0', '0', NULL, '1', '1', '1', '1', 'EQ', 'datetime', '', 11, 'admin', '2023-08-14 19:20:55', '', '2023-08-14 19:24:10');
INSERT INTO `gen_table_column` VALUES (108, '8', 'NOTE', '备注', 'varchar(255)', 'String', 'note', '0', '0', NULL, '1', '1', '1', '1', 'EQ', 'input', '', 12, 'admin', '2023-08-14 19:20:55', '', '2023-08-14 19:24:10');
INSERT INTO `gen_table_column` VALUES (109, '9', 'ID', '主键ID', 'int', 'Long', 'id', '1', '1', NULL, '1', NULL, NULL, NULL, 'EQ', 'input', '', 1, 'admin', '2023-08-14 19:20:55', '', '2023-08-14 19:24:21');
INSERT INTO `gen_table_column` VALUES (110, '9', 'schedule_month', '可安排月份(多个用英文逗号隔开)', 'varchar(255)', 'String', 'scheduleMonth', '0', '0', NULL, '1', '1', '1', '1', 'EQ', 'input', '', 2, 'admin', '2023-08-14 19:20:55', '', '2023-08-14 19:24:21');
INSERT INTO `gen_table_column` VALUES (111, '9', 'schedule_week', '可安排的星期', 'varchar(255)', 'String', 'scheduleWeek', '0', '0', NULL, '1', '1', '1', '1', 'EQ', 'input', '', 3, 'admin', '2023-08-14 19:20:55', '', '2023-08-14 19:24:21');
INSERT INTO `gen_table_column` VALUES (112, '9', 'schedule_start_time', '开始时间', 'datetime', 'Date', 'scheduleStartTime', '0', '0', NULL, '1', '1', '1', '1', 'EQ', 'datetime', '', 4, 'admin', '2023-08-14 19:20:55', '', '2023-08-14 19:24:21');
INSERT INTO `gen_table_column` VALUES (113, '9', 'schedule_end_time', '结束时间', 'varchar(255)', 'String', 'scheduleEndTime', '0', '0', NULL, '1', '1', '1', '1', 'EQ', 'input', '', 5, 'admin', '2023-08-14 19:20:55', '', '2023-08-14 19:24:21');
INSERT INTO `gen_table_column` VALUES (114, '9', 'CREATED_BY', '创建人', 'int', 'Long', 'createdBy', '0', '0', NULL, '1', '1', '1', '1', 'EQ', 'input', '', 6, 'admin', '2023-08-14 19:20:55', '', '2023-08-14 19:24:21');
INSERT INTO `gen_table_column` VALUES (115, '9', 'CREATED_TIME', '创建时间', 'datetime', 'Date', 'createdTime', '0', '0', NULL, '1', '1', '1', '1', 'EQ', 'datetime', '', 7, 'admin', '2023-08-14 19:20:55', '', '2023-08-14 19:24:21');
INSERT INTO `gen_table_column` VALUES (116, '9', 'UPDATED_BY', '更新人', 'int', 'Long', 'updatedBy', '0', '0', NULL, '1', '1', '1', '1', 'EQ', 'input', '', 8, 'admin', '2023-08-14 19:20:55', '', '2023-08-14 19:24:21');
INSERT INTO `gen_table_column` VALUES (117, '9', 'UPDATED_TIME', '更新时间', 'datetime', 'Date', 'updatedTime', '0', '0', NULL, '1', '1', '1', '1', 'EQ', 'datetime', '', 9, 'admin', '2023-08-14 19:20:55', '', '2023-08-14 19:24:21');
INSERT INTO `gen_table_column` VALUES (118, '9', 'DELETE_BY', '删除人', 'int', 'Long', 'deleteBy', '0', '0', NULL, '1', '1', '1', '1', 'EQ', 'input', '', 10, 'admin', '2023-08-14 19:20:55', '', '2023-08-14 19:24:21');
INSERT INTO `gen_table_column` VALUES (119, '9', 'DELETE_TIME', '删除时间', 'datetime', 'Date', 'deleteTime', '0', '0', NULL, '1', '1', '1', '1', 'EQ', 'datetime', '', 11, 'admin', '2023-08-14 19:20:55', '', '2023-08-14 19:24:21');
INSERT INTO `gen_table_column` VALUES (120, '9', 'NOTE', '备注', 'varchar(255)', 'String', 'note', '0', '0', NULL, '1', '1', '1', '1', 'EQ', 'input', '', 12, 'admin', '2023-08-14 19:20:55', '', '2023-08-14 19:24:21');
INSERT INTO `gen_table_column` VALUES (121, '10', 'ID', '主键ID', 'int', 'Long', 'id', '1', '1', NULL, NULL, NULL, NULL, NULL, 'EQ', 'input', '', 1, 'admin', '2023-08-14 19:20:55', '', '2023-08-14 19:24:37');
INSERT INTO `gen_table_column` VALUES (122, '10', 'user_name', '用户名', 'varchar(255)', 'String', 'userName', '0', '0', NULL, '1', '1', '1', '1', 'LIKE', 'input', '', 2, 'admin', '2023-08-14 19:20:55', '', '2023-08-14 19:24:37');
INSERT INTO `gen_table_column` VALUES (123, '10', 'user_gender', '性别', 'varchar(10)', 'String', 'userGender', '0', '0', NULL, '1', '1', '1', '1', 'EQ', 'input', '', 3, 'admin', '2023-08-14 19:20:55', '', '2023-08-14 19:24:37');
INSERT INTO `gen_table_column` VALUES (124, '10', 'user_phone', '手机号', 'varchar(255)', 'String', 'userPhone', '0', '0', NULL, '1', '1', '1', '1', 'EQ', 'input', '', 4, 'admin', '2023-08-14 19:20:55', '', '2023-08-14 19:24:37');
INSERT INTO `gen_table_column` VALUES (125, '10', 'user_email', '邮箱', 'varchar(255)', 'String', 'userEmail', '0', '0', NULL, '1', '1', '1', '1', 'EQ', 'input', '', 5, 'admin', '2023-08-14 19:20:55', '', '2023-08-14 19:24:37');
INSERT INTO `gen_table_column` VALUES (126, '10', 'user_birth', '用户出身年月', 'varchar(255)', 'String', 'userBirth', '0', '0', NULL, '1', '1', '1', '1', 'EQ', 'input', '', 6, 'admin', '2023-08-14 19:20:55', '', '2023-08-14 19:24:37');
INSERT INTO `gen_table_column` VALUES (127, '10', 'user_photo', '用户头像链接', 'varchar(255)', 'String', 'userPhoto', '0', '0', NULL, '1', '1', '1', '1', 'EQ', 'input', '', 7, 'admin', '2023-08-14 19:20:55', '', '2023-08-14 19:24:37');
INSERT INTO `gen_table_column` VALUES (128, '10', 'user_wxopenid', '微信openid', 'varchar(255)', 'String', 'userWxopenid', '0', '0', NULL, '1', '1', '1', '1', 'EQ', 'input', '', 8, 'admin', '2023-08-14 19:20:55', '', '2023-08-14 19:24:37');
INSERT INTO `gen_table_column` VALUES (129, '10', 'user_wxsessionkey', '微信会话key', 'varchar(255)', 'String', 'userWxsessionkey', '0', '0', NULL, '1', '1', '1', '1', 'EQ', 'input', '', 9, 'admin', '2023-08-14 19:20:55', '', '2023-08-14 19:24:37');
INSERT INTO `gen_table_column` VALUES (130, '10', 'CREATED_BY', '创建人', 'int', 'Long', 'createdBy', '0', '0', NULL, '1', '1', '1', '1', 'EQ', 'input', '', 10, 'admin', '2023-08-14 19:20:55', '', '2023-08-14 19:24:37');
INSERT INTO `gen_table_column` VALUES (131, '10', 'CREATED_TIME', '创建时间', 'datetime', 'Date', 'createdTime', '0', '0', NULL, '1', '1', '1', '1', 'EQ', 'datetime', '', 11, 'admin', '2023-08-14 19:20:55', '', '2023-08-14 19:24:37');
INSERT INTO `gen_table_column` VALUES (132, '10', 'UPDATED_BY', '更新人', 'int', 'Long', 'updatedBy', '0', '0', NULL, '1', '1', '1', '1', 'EQ', 'input', '', 12, 'admin', '2023-08-14 19:20:55', '', '2023-08-14 19:24:37');
INSERT INTO `gen_table_column` VALUES (133, '10', 'UPDATED_TIME', '更新时间', 'datetime', 'Date', 'updatedTime', '0', '0', NULL, '1', '1', '1', '1', 'EQ', 'datetime', '', 13, 'admin', '2023-08-14 19:20:55', '', '2023-08-14 19:24:37');
INSERT INTO `gen_table_column` VALUES (134, '10', 'DELETE_BY', '删除人', 'int', 'Long', 'deleteBy', '0', '0', NULL, '1', '1', '1', '1', 'EQ', 'input', '', 14, 'admin', '2023-08-14 19:20:55', '', '2023-08-14 19:24:37');
INSERT INTO `gen_table_column` VALUES (135, '10', 'DELETE_TIME', '删除时间', 'datetime', 'Date', 'deleteTime', '0', '0', NULL, '1', '1', '1', '1', 'EQ', 'datetime', '', 15, 'admin', '2023-08-14 19:20:55', '', '2023-08-14 19:24:37');
INSERT INTO `gen_table_column` VALUES (136, '10', 'NOTE', '备注', 'varchar(255)', 'String', 'note', '0', '0', NULL, '1', '1', '1', '1', 'EQ', 'input', '', 16, 'admin', '2023-08-14 19:20:55', '', '2023-08-14 19:24:37');

-- ----------------------------
-- Table structure for QRTZ_BLOB_TRIGGERS
-- ----------------------------
DROP TABLE IF EXISTS `QRTZ_BLOB_TRIGGERS`;
CREATE TABLE `QRTZ_BLOB_TRIGGERS`  (
  `sched_name` varchar(120) CHARACTER SET utf8mb4 COLLATE utf8mb4_0900_ai_ci NOT NULL COMMENT '调度名称',
  `trigger_name` varchar(200) CHARACTER SET utf8mb4 COLLATE utf8mb4_0900_ai_ci NOT NULL COMMENT 'qrtz_triggers表trigger_name的外键',
  `trigger_group` varchar(200) CHARACTER SET utf8mb4 COLLATE utf8mb4_0900_ai_ci NOT NULL COMMENT 'qrtz_triggers表trigger_group的外键',
  `blob_data` blob NULL COMMENT '存放持久化Trigger对象',
  PRIMARY KEY (`sched_name`, `trigger_name`, `trigger_group`) USING BTREE,
  CONSTRAINT `qrtz_blob_triggers_ibfk_1` FOREIGN KEY (`sched_name`, `trigger_name`, `trigger_group`) REFERENCES `QRTZ_TRIGGERS` (`sched_name`, `trigger_name`, `trigger_group`) ON DELETE RESTRICT ON UPDATE RESTRICT
) ENGINE = InnoDB CHARACTER SET = utf8mb4 COLLATE = utf8mb4_0900_ai_ci COMMENT = 'Blob类型的触发器表' ROW_FORMAT = Dynamic;

-- ----------------------------
-- Records of QRTZ_BLOB_TRIGGERS
-- ----------------------------

-- ----------------------------
-- Table structure for QRTZ_CALENDARS
-- ----------------------------
DROP TABLE IF EXISTS `QRTZ_CALENDARS`;
CREATE TABLE `QRTZ_CALENDARS`  (
  `sched_name` varchar(120) CHARACTER SET utf8mb4 COLLATE utf8mb4_0900_ai_ci NOT NULL COMMENT '调度名称',
  `calendar_name` varchar(200) CHARACTER SET utf8mb4 COLLATE utf8mb4_0900_ai_ci NOT NULL COMMENT '日历名称',
  `calendar` blob NOT NULL COMMENT '存放持久化calendar对象',
  PRIMARY KEY (`sched_name`, `calendar_name`) USING BTREE
) ENGINE = InnoDB CHARACTER SET = utf8mb4 COLLATE = utf8mb4_0900_ai_ci COMMENT = '日历信息表' ROW_FORMAT = Dynamic;

-- ----------------------------
-- Records of QRTZ_CALENDARS
-- ----------------------------

-- ----------------------------
-- Table structure for QRTZ_CRON_TRIGGERS
-- ----------------------------
DROP TABLE IF EXISTS `QRTZ_CRON_TRIGGERS`;
CREATE TABLE `QRTZ_CRON_TRIGGERS`  (
  `sched_name` varchar(120) CHARACTER SET utf8mb4 COLLATE utf8mb4_0900_ai_ci NOT NULL COMMENT '调度名称',
  `trigger_name` varchar(200) CHARACTER SET utf8mb4 COLLATE utf8mb4_0900_ai_ci NOT NULL COMMENT 'qrtz_triggers表trigger_name的外键',
  `trigger_group` varchar(200) CHARACTER SET utf8mb4 COLLATE utf8mb4_0900_ai_ci NOT NULL COMMENT 'qrtz_triggers表trigger_group的外键',
  `cron_expression` varchar(200) CHARACTER SET utf8mb4 COLLATE utf8mb4_0900_ai_ci NOT NULL COMMENT 'cron表达式',
  `time_zone_id` varchar(80) CHARACTER SET utf8mb4 COLLATE utf8mb4_0900_ai_ci NULL DEFAULT NULL COMMENT '时区',
  PRIMARY KEY (`sched_name`, `trigger_name`, `trigger_group`) USING BTREE,
  CONSTRAINT `qrtz_cron_triggers_ibfk_1` FOREIGN KEY (`sched_name`, `trigger_name`, `trigger_group`) REFERENCES `QRTZ_TRIGGERS` (`sched_name`, `trigger_name`, `trigger_group`) ON DELETE RESTRICT ON UPDATE RESTRICT
) ENGINE = InnoDB CHARACTER SET = utf8mb4 COLLATE = utf8mb4_0900_ai_ci COMMENT = 'Cron类型的触发器表' ROW_FORMAT = Dynamic;

-- ----------------------------
-- Records of QRTZ_CRON_TRIGGERS
-- ----------------------------

-- ----------------------------
-- Table structure for QRTZ_FIRED_TRIGGERS
-- ----------------------------
DROP TABLE IF EXISTS `QRTZ_FIRED_TRIGGERS`;
CREATE TABLE `QRTZ_FIRED_TRIGGERS`  (
  `sched_name` varchar(120) CHARACTER SET utf8mb4 COLLATE utf8mb4_0900_ai_ci NOT NULL COMMENT '调度名称',
  `entry_id` varchar(95) CHARACTER SET utf8mb4 COLLATE utf8mb4_0900_ai_ci NOT NULL COMMENT '调度器实例id',
  `trigger_name` varchar(200) CHARACTER SET utf8mb4 COLLATE utf8mb4_0900_ai_ci NOT NULL COMMENT 'qrtz_triggers表trigger_name的外键',
  `trigger_group` varchar(200) CHARACTER SET utf8mb4 COLLATE utf8mb4_0900_ai_ci NOT NULL COMMENT 'qrtz_triggers表trigger_group的外键',
  `instance_name` varchar(200) CHARACTER SET utf8mb4 COLLATE utf8mb4_0900_ai_ci NOT NULL COMMENT '调度器实例名',
  `fired_time` bigint NOT NULL COMMENT '触发的时间',
  `sched_time` bigint NOT NULL COMMENT '定时器制定的时间',
  `priority` int NOT NULL COMMENT '优先级',
  `state` varchar(16) CHARACTER SET utf8mb4 COLLATE utf8mb4_0900_ai_ci NOT NULL COMMENT '状态',
  `job_name` varchar(200) CHARACTER SET utf8mb4 COLLATE utf8mb4_0900_ai_ci NULL DEFAULT NULL COMMENT '任务名称',
  `job_group` varchar(200) CHARACTER SET utf8mb4 COLLATE utf8mb4_0900_ai_ci NULL DEFAULT NULL COMMENT '任务组名',
  `is_nonconcurrent` varchar(1) CHARACTER SET utf8mb4 COLLATE utf8mb4_0900_ai_ci NULL DEFAULT NULL COMMENT '是否并发',
  `requests_recovery` varchar(1) CHARACTER SET utf8mb4 COLLATE utf8mb4_0900_ai_ci NULL DEFAULT NULL COMMENT '是否接受恢复执行',
  PRIMARY KEY (`sched_name`, `entry_id`) USING BTREE
) ENGINE = InnoDB CHARACTER SET = utf8mb4 COLLATE = utf8mb4_0900_ai_ci COMMENT = '已触发的触发器表' ROW_FORMAT = Dynamic;

-- ----------------------------
-- Records of QRTZ_FIRED_TRIGGERS
-- ----------------------------

-- ----------------------------
-- Table structure for QRTZ_JOB_DETAILS
-- ----------------------------
DROP TABLE IF EXISTS `QRTZ_JOB_DETAILS`;
CREATE TABLE `QRTZ_JOB_DETAILS`  (
  `sched_name` varchar(120) CHARACTER SET utf8mb4 COLLATE utf8mb4_0900_ai_ci NOT NULL COMMENT '调度名称',
  `job_name` varchar(200) CHARACTER SET utf8mb4 COLLATE utf8mb4_0900_ai_ci NOT NULL COMMENT '任务名称',
  `job_group` varchar(200) CHARACTER SET utf8mb4 COLLATE utf8mb4_0900_ai_ci NOT NULL COMMENT '任务组名',
  `description` varchar(250) CHARACTER SET utf8mb4 COLLATE utf8mb4_0900_ai_ci NULL DEFAULT NULL COMMENT '相关介绍',
  `job_class_name` varchar(250) CHARACTER SET utf8mb4 COLLATE utf8mb4_0900_ai_ci NOT NULL COMMENT '执行任务类名称',
  `is_durable` varchar(1) CHARACTER SET utf8mb4 COLLATE utf8mb4_0900_ai_ci NOT NULL COMMENT '是否持久化',
  `is_nonconcurrent` varchar(1) CHARACTER SET utf8mb4 COLLATE utf8mb4_0900_ai_ci NOT NULL COMMENT '是否并发',
  `is_update_data` varchar(1) CHARACTER SET utf8mb4 COLLATE utf8mb4_0900_ai_ci NOT NULL COMMENT '是否更新数据',
  `requests_recovery` varchar(1) CHARACTER SET utf8mb4 COLLATE utf8mb4_0900_ai_ci NOT NULL COMMENT '是否接受恢复执行',
  `job_data` blob NULL COMMENT '存放持久化job对象',
  PRIMARY KEY (`sched_name`, `job_name`, `job_group`) USING BTREE
) ENGINE = InnoDB CHARACTER SET = utf8mb4 COLLATE = utf8mb4_0900_ai_ci COMMENT = '任务详细信息表' ROW_FORMAT = Dynamic;

-- ----------------------------
-- Records of QRTZ_JOB_DETAILS
-- ----------------------------

-- ----------------------------
-- Table structure for QRTZ_LOCKS
-- ----------------------------
DROP TABLE IF EXISTS `QRTZ_LOCKS`;
CREATE TABLE `QRTZ_LOCKS`  (
  `sched_name` varchar(120) CHARACTER SET utf8mb4 COLLATE utf8mb4_0900_ai_ci NOT NULL COMMENT '调度名称',
  `lock_name` varchar(40) CHARACTER SET utf8mb4 COLLATE utf8mb4_0900_ai_ci NOT NULL COMMENT '悲观锁名称',
  PRIMARY KEY (`sched_name`, `lock_name`) USING BTREE
) ENGINE = InnoDB CHARACTER SET = utf8mb4 COLLATE = utf8mb4_0900_ai_ci COMMENT = '存储的悲观锁信息表' ROW_FORMAT = Dynamic;

-- ----------------------------
-- Records of QRTZ_LOCKS
-- ----------------------------

-- ----------------------------
-- Table structure for QRTZ_PAUSED_TRIGGER_GRPS
-- ----------------------------
DROP TABLE IF EXISTS `QRTZ_PAUSED_TRIGGER_GRPS`;
CREATE TABLE `QRTZ_PAUSED_TRIGGER_GRPS`  (
  `sched_name` varchar(120) CHARACTER SET utf8mb4 COLLATE utf8mb4_0900_ai_ci NOT NULL COMMENT '调度名称',
  `trigger_group` varchar(200) CHARACTER SET utf8mb4 COLLATE utf8mb4_0900_ai_ci NOT NULL COMMENT 'qrtz_triggers表trigger_group的外键',
  PRIMARY KEY (`sched_name`, `trigger_group`) USING BTREE
) ENGINE = InnoDB CHARACTER SET = utf8mb4 COLLATE = utf8mb4_0900_ai_ci COMMENT = '暂停的触发器表' ROW_FORMAT = Dynamic;

-- ----------------------------
-- Records of QRTZ_PAUSED_TRIGGER_GRPS
-- ----------------------------

-- ----------------------------
-- Table structure for QRTZ_SCHEDULER_STATE
-- ----------------------------
DROP TABLE IF EXISTS `QRTZ_SCHEDULER_STATE`;
CREATE TABLE `QRTZ_SCHEDULER_STATE`  (
  `sched_name` varchar(120) CHARACTER SET utf8mb4 COLLATE utf8mb4_0900_ai_ci NOT NULL COMMENT '调度名称',
  `instance_name` varchar(200) CHARACTER SET utf8mb4 COLLATE utf8mb4_0900_ai_ci NOT NULL COMMENT '实例名称',
  `last_checkin_time` bigint NOT NULL COMMENT '上次检查时间',
  `checkin_interval` bigint NOT NULL COMMENT '检查间隔时间',
  PRIMARY KEY (`sched_name`, `instance_name`) USING BTREE
) ENGINE = InnoDB CHARACTER SET = utf8mb4 COLLATE = utf8mb4_0900_ai_ci COMMENT = '调度器状态表' ROW_FORMAT = Dynamic;

-- ----------------------------
-- Records of QRTZ_SCHEDULER_STATE
-- ----------------------------

-- ----------------------------
-- Table structure for QRTZ_SIMPLE_TRIGGERS
-- ----------------------------
DROP TABLE IF EXISTS `QRTZ_SIMPLE_TRIGGERS`;
CREATE TABLE `QRTZ_SIMPLE_TRIGGERS`  (
  `sched_name` varchar(120) CHARACTER SET utf8mb4 COLLATE utf8mb4_0900_ai_ci NOT NULL COMMENT '调度名称',
  `trigger_name` varchar(200) CHARACTER SET utf8mb4 COLLATE utf8mb4_0900_ai_ci NOT NULL COMMENT 'qrtz_triggers表trigger_name的外键',
  `trigger_group` varchar(200) CHARACTER SET utf8mb4 COLLATE utf8mb4_0900_ai_ci NOT NULL COMMENT 'qrtz_triggers表trigger_group的外键',
  `repeat_count` bigint NOT NULL COMMENT '重复的次数统计',
  `repeat_interval` bigint NOT NULL COMMENT '重复的间隔时间',
  `times_triggered` bigint NOT NULL COMMENT '已经触发的次数',
  PRIMARY KEY (`sched_name`, `trigger_name`, `trigger_group`) USING BTREE,
  CONSTRAINT `qrtz_simple_triggers_ibfk_1` FOREIGN KEY (`sched_name`, `trigger_name`, `trigger_group`) REFERENCES `QRTZ_TRIGGERS` (`sched_name`, `trigger_name`, `trigger_group`) ON DELETE RESTRICT ON UPDATE RESTRICT
) ENGINE = InnoDB CHARACTER SET = utf8mb4 COLLATE = utf8mb4_0900_ai_ci COMMENT = '简单触发器的信息表' ROW_FORMAT = Dynamic;

-- ----------------------------
-- Records of QRTZ_SIMPLE_TRIGGERS
-- ----------------------------

-- ----------------------------
-- Table structure for QRTZ_SIMPROP_TRIGGERS
-- ----------------------------
DROP TABLE IF EXISTS `QRTZ_SIMPROP_TRIGGERS`;
CREATE TABLE `QRTZ_SIMPROP_TRIGGERS`  (
  `sched_name` varchar(120) CHARACTER SET utf8mb4 COLLATE utf8mb4_0900_ai_ci NOT NULL COMMENT '调度名称',
  `trigger_name` varchar(200) CHARACTER SET utf8mb4 COLLATE utf8mb4_0900_ai_ci NOT NULL COMMENT 'qrtz_triggers表trigger_name的外键',
  `trigger_group` varchar(200) CHARACTER SET utf8mb4 COLLATE utf8mb4_0900_ai_ci NOT NULL COMMENT 'qrtz_triggers表trigger_group的外键',
  `str_prop_1` varchar(512) CHARACTER SET utf8mb4 COLLATE utf8mb4_0900_ai_ci NULL DEFAULT NULL COMMENT 'String类型的trigger的第一个参数',
  `str_prop_2` varchar(512) CHARACTER SET utf8mb4 COLLATE utf8mb4_0900_ai_ci NULL DEFAULT NULL COMMENT 'String类型的trigger的第二个参数',
  `str_prop_3` varchar(512) CHARACTER SET utf8mb4 COLLATE utf8mb4_0900_ai_ci NULL DEFAULT NULL COMMENT 'String类型的trigger的第三个参数',
  `int_prop_1` int NULL DEFAULT NULL COMMENT 'int类型的trigger的第一个参数',
  `int_prop_2` int NULL DEFAULT NULL COMMENT 'int类型的trigger的第二个参数',
  `long_prop_1` bigint NULL DEFAULT NULL COMMENT 'long类型的trigger的第一个参数',
  `long_prop_2` bigint NULL DEFAULT NULL COMMENT 'long类型的trigger的第二个参数',
  `dec_prop_1` decimal(13, 4) NULL DEFAULT NULL COMMENT 'decimal类型的trigger的第一个参数',
  `dec_prop_2` decimal(13, 4) NULL DEFAULT NULL COMMENT 'decimal类型的trigger的第二个参数',
  `bool_prop_1` varchar(1) CHARACTER SET utf8mb4 COLLATE utf8mb4_0900_ai_ci NULL DEFAULT NULL COMMENT 'Boolean类型的trigger的第一个参数',
  `bool_prop_2` varchar(1) CHARACTER SET utf8mb4 COLLATE utf8mb4_0900_ai_ci NULL DEFAULT NULL COMMENT 'Boolean类型的trigger的第二个参数',
  PRIMARY KEY (`sched_name`, `trigger_name`, `trigger_group`) USING BTREE,
  CONSTRAINT `qrtz_simprop_triggers_ibfk_1` FOREIGN KEY (`sched_name`, `trigger_name`, `trigger_group`) REFERENCES `QRTZ_TRIGGERS` (`sched_name`, `trigger_name`, `trigger_group`) ON DELETE RESTRICT ON UPDATE RESTRICT
) ENGINE = InnoDB CHARACTER SET = utf8mb4 COLLATE = utf8mb4_0900_ai_ci COMMENT = '同步机制的行锁表' ROW_FORMAT = Dynamic;

-- ----------------------------
-- Records of QRTZ_SIMPROP_TRIGGERS
-- ----------------------------

-- ----------------------------
-- Table structure for QRTZ_TRIGGERS
-- ----------------------------
DROP TABLE IF EXISTS `QRTZ_TRIGGERS`;
CREATE TABLE `QRTZ_TRIGGERS`  (
  `sched_name` varchar(120) CHARACTER SET utf8mb4 COLLATE utf8mb4_0900_ai_ci NOT NULL COMMENT '调度名称',
  `trigger_name` varchar(200) CHARACTER SET utf8mb4 COLLATE utf8mb4_0900_ai_ci NOT NULL COMMENT '触发器的名字',
  `trigger_group` varchar(200) CHARACTER SET utf8mb4 COLLATE utf8mb4_0900_ai_ci NOT NULL COMMENT '触发器所属组的名字',
  `job_name` varchar(200) CHARACTER SET utf8mb4 COLLATE utf8mb4_0900_ai_ci NOT NULL COMMENT 'qrtz_job_details表job_name的外键',
  `job_group` varchar(200) CHARACTER SET utf8mb4 COLLATE utf8mb4_0900_ai_ci NOT NULL COMMENT 'qrtz_job_details表job_group的外键',
  `description` varchar(250) CHARACTER SET utf8mb4 COLLATE utf8mb4_0900_ai_ci NULL DEFAULT NULL COMMENT '相关介绍',
  `next_fire_time` bigint NULL DEFAULT NULL COMMENT '上一次触发时间（毫秒）',
  `prev_fire_time` bigint NULL DEFAULT NULL COMMENT '下一次触发时间（默认为-1表示不触发）',
  `priority` int NULL DEFAULT NULL COMMENT '优先级',
  `trigger_state` varchar(16) CHARACTER SET utf8mb4 COLLATE utf8mb4_0900_ai_ci NOT NULL COMMENT '触发器状态',
  `trigger_type` varchar(8) CHARACTER SET utf8mb4 COLLATE utf8mb4_0900_ai_ci NOT NULL COMMENT '触发器的类型',
  `start_time` bigint NOT NULL COMMENT '开始时间',
  `end_time` bigint NULL DEFAULT NULL COMMENT '结束时间',
  `calendar_name` varchar(200) CHARACTER SET utf8mb4 COLLATE utf8mb4_0900_ai_ci NULL DEFAULT NULL COMMENT '日程表名称',
  `misfire_instr` smallint NULL DEFAULT NULL COMMENT '补偿执行的策略',
  `job_data` blob NULL COMMENT '存放持久化job对象',
  PRIMARY KEY (`sched_name`, `trigger_name`, `trigger_group`) USING BTREE,
  INDEX `sched_name`(`sched_name`, `job_name`, `job_group`) USING BTREE,
  CONSTRAINT `qrtz_triggers_ibfk_1` FOREIGN KEY (`sched_name`, `job_name`, `job_group`) REFERENCES `QRTZ_JOB_DETAILS` (`sched_name`, `job_name`, `job_group`) ON DELETE RESTRICT ON UPDATE RESTRICT
) ENGINE = InnoDB CHARACTER SET = utf8mb4 COLLATE = utf8mb4_0900_ai_ci COMMENT = '触发器详细信息表' ROW_FORMAT = Dynamic;

-- ----------------------------
-- Records of QRTZ_TRIGGERS
-- ----------------------------

-- ----------------------------
-- Table structure for sys_config
-- ----------------------------
DROP TABLE IF EXISTS `sys_config`;
CREATE TABLE `sys_config`  (
  `config_id` int NOT NULL AUTO_INCREMENT COMMENT '参数主键',
  `config_name` varchar(100) CHARACTER SET utf8mb4 COLLATE utf8mb4_0900_ai_ci NULL DEFAULT '' COMMENT '参数名称',
  `config_key` varchar(100) CHARACTER SET utf8mb4 COLLATE utf8mb4_0900_ai_ci NULL DEFAULT '' COMMENT '参数键名',
  `config_value` varchar(500) CHARACTER SET utf8mb4 COLLATE utf8mb4_0900_ai_ci NULL DEFAULT '' COMMENT '参数键值',
  `config_type` char(1) CHARACTER SET utf8mb4 COLLATE utf8mb4_0900_ai_ci NULL DEFAULT 'N' COMMENT '系统内置（Y是 N否）',
  `create_by` varchar(64) CHARACTER SET utf8mb4 COLLATE utf8mb4_0900_ai_ci NULL DEFAULT '' COMMENT '创建者',
  `create_time` datetime NULL DEFAULT NULL COMMENT '创建时间',
  `update_by` varchar(64) CHARACTER SET utf8mb4 COLLATE utf8mb4_0900_ai_ci NULL DEFAULT '' COMMENT '更新者',
  `update_time` datetime NULL DEFAULT NULL COMMENT '更新时间',
  `remark` varchar(500) CHARACTER SET utf8mb4 COLLATE utf8mb4_0900_ai_ci NULL DEFAULT NULL COMMENT '备注',
  PRIMARY KEY (`config_id`) USING BTREE
) ENGINE = InnoDB AUTO_INCREMENT = 100 CHARACTER SET = utf8mb4 COLLATE = utf8mb4_0900_ai_ci COMMENT = '参数配置表' ROW_FORMAT = Dynamic;

-- ----------------------------
-- Records of sys_config
-- ----------------------------
INSERT INTO `sys_config` VALUES (1, '主框架页-默认皮肤样式名称', 'sys.index.skinName', 'skin-blue', 'Y', 'admin', '2023-08-14 19:15:22', '', NULL, '蓝色 skin-blue、绿色 skin-green、紫色 skin-purple、红色 skin-red、黄色 skin-yellow');
INSERT INTO `sys_config` VALUES (2, '用户管理-账号初始密码', 'sys.user.initPassword', '123456', 'Y', 'admin', '2023-08-14 19:15:22', '', NULL, '初始化密码 123456');
INSERT INTO `sys_config` VALUES (3, '主框架页-侧边栏主题', 'sys.index.sideTheme', 'theme-dark', 'Y', 'admin', '2023-08-14 19:15:22', '', NULL, '深色主题theme-dark，浅色主题theme-light');
INSERT INTO `sys_config` VALUES (4, '账号自助-验证码开关', 'sys.account.captchaOnOff', 'true', 'Y', 'admin', '2023-08-14 19:15:22', '', NULL, '是否开启验证码功能（true开启，false关闭）');
INSERT INTO `sys_config` VALUES (5, '账号自助-是否开启用户注册功能', 'sys.account.registerUser', 'false', 'Y', 'admin', '2023-08-14 19:15:22', '', NULL, '是否开启注册用户功能（true开启，false关闭）');

-- ----------------------------
-- Table structure for sys_dept
-- ----------------------------
DROP TABLE IF EXISTS `sys_dept`;
CREATE TABLE `sys_dept`  (
  `dept_id` bigint NOT NULL AUTO_INCREMENT COMMENT '部门id',
  `parent_id` bigint NULL DEFAULT 0 COMMENT '父部门id',
  `ancestors` varchar(50) CHARACTER SET utf8mb4 COLLATE utf8mb4_0900_ai_ci NULL DEFAULT '' COMMENT '祖级列表',
  `dept_name` varchar(30) CHARACTER SET utf8mb4 COLLATE utf8mb4_0900_ai_ci NULL DEFAULT '' COMMENT '部门名称',
  `order_num` int NULL DEFAULT 0 COMMENT '显示顺序',
  `leader` varchar(20) CHARACTER SET utf8mb4 COLLATE utf8mb4_0900_ai_ci NULL DEFAULT NULL COMMENT '负责人',
  `phone` varchar(11) CHARACTER SET utf8mb4 COLLATE utf8mb4_0900_ai_ci NULL DEFAULT NULL COMMENT '联系电话',
  `email` varchar(50) CHARACTER SET utf8mb4 COLLATE utf8mb4_0900_ai_ci NULL DEFAULT NULL COMMENT '邮箱',
  `status` char(1) CHARACTER SET utf8mb4 COLLATE utf8mb4_0900_ai_ci NULL DEFAULT '0' COMMENT '部门状态（0正常 1停用）',
  `del_flag` char(1) CHARACTER SET utf8mb4 COLLATE utf8mb4_0900_ai_ci NULL DEFAULT '0' COMMENT '删除标志（0代表存在 2代表删除）',
  `create_by` varchar(64) CHARACTER SET utf8mb4 COLLATE utf8mb4_0900_ai_ci NULL DEFAULT '' COMMENT '创建者',
  `create_time` datetime NULL DEFAULT NULL COMMENT '创建时间',
  `update_by` varchar(64) CHARACTER SET utf8mb4 COLLATE utf8mb4_0900_ai_ci NULL DEFAULT '' COMMENT '更新者',
  `update_time` datetime NULL DEFAULT NULL COMMENT '更新时间',
  PRIMARY KEY (`dept_id`) USING BTREE
) ENGINE = InnoDB AUTO_INCREMENT = 200 CHARACTER SET = utf8mb4 COLLATE = utf8mb4_0900_ai_ci COMMENT = '部门表' ROW_FORMAT = Dynamic;

-- ----------------------------
-- Records of sys_dept
-- ----------------------------
INSERT INTO `sys_dept` VALUES (100, 0, '0', '若依科技', 0, '若依', '15888888888', 'ry@qq.com', '0', '0', 'admin', '2023-08-14 19:15:21', '', NULL);
INSERT INTO `sys_dept` VALUES (101, 100, '0,100', '深圳总公司', 1, '若依', '15888888888', 'ry@qq.com', '0', '0', 'admin', '2023-08-14 19:15:21', '', NULL);
INSERT INTO `sys_dept` VALUES (102, 100, '0,100', '长沙分公司', 2, '若依', '15888888888', 'ry@qq.com', '0', '0', 'admin', '2023-08-14 19:15:21', '', NULL);
INSERT INTO `sys_dept` VALUES (103, 101, '0,100,101', '研发部门', 1, '若依', '15888888888', 'ry@qq.com', '0', '0', 'admin', '2023-08-14 19:15:21', '', NULL);
INSERT INTO `sys_dept` VALUES (104, 101, '0,100,101', '市场部门', 2, '若依', '15888888888', 'ry@qq.com', '0', '0', 'admin', '2023-08-14 19:15:21', '', NULL);
INSERT INTO `sys_dept` VALUES (105, 101, '0,100,101', '测试部门', 3, '若依', '15888888888', 'ry@qq.com', '0', '0', 'admin', '2023-08-14 19:15:21', '', NULL);
INSERT INTO `sys_dept` VALUES (106, 101, '0,100,101', '财务部门', 4, '若依', '15888888888', 'ry@qq.com', '0', '0', 'admin', '2023-08-14 19:15:21', '', NULL);
INSERT INTO `sys_dept` VALUES (107, 101, '0,100,101', '运维部门', 5, '若依', '15888888888', 'ry@qq.com', '0', '0', 'admin', '2023-08-14 19:15:21', '', NULL);
INSERT INTO `sys_dept` VALUES (108, 102, '0,100,102', '市场部门', 1, '若依', '15888888888', 'ry@qq.com', '0', '0', 'admin', '2023-08-14 19:15:21', '', NULL);
INSERT INTO `sys_dept` VALUES (109, 102, '0,100,102', '财务部门', 2, '若依', '15888888888', 'ry@qq.com', '0', '0', 'admin', '2023-08-14 19:15:21', '', NULL);

-- ----------------------------
-- Table structure for sys_dict_data
-- ----------------------------
DROP TABLE IF EXISTS `sys_dict_data`;
CREATE TABLE `sys_dict_data`  (
  `dict_code` bigint NOT NULL AUTO_INCREMENT COMMENT '字典编码',
  `dict_sort` int NULL DEFAULT 0 COMMENT '字典排序',
  `dict_label` varchar(100) CHARACTER SET utf8mb4 COLLATE utf8mb4_0900_ai_ci NULL DEFAULT '' COMMENT '字典标签',
  `dict_value` varchar(100) CHARACTER SET utf8mb4 COLLATE utf8mb4_0900_ai_ci NULL DEFAULT '' COMMENT '字典键值',
  `dict_type` varchar(100) CHARACTER SET utf8mb4 COLLATE utf8mb4_0900_ai_ci NULL DEFAULT '' COMMENT '字典类型',
  `css_class` varchar(100) CHARACTER SET utf8mb4 COLLATE utf8mb4_0900_ai_ci NULL DEFAULT NULL COMMENT '样式属性（其他样式扩展）',
  `list_class` varchar(100) CHARACTER SET utf8mb4 COLLATE utf8mb4_0900_ai_ci NULL DEFAULT NULL COMMENT '表格回显样式',
  `is_default` char(1) CHARACTER SET utf8mb4 COLLATE utf8mb4_0900_ai_ci NULL DEFAULT 'N' COMMENT '是否默认（Y是 N否）',
  `status` char(1) CHARACTER SET utf8mb4 COLLATE utf8mb4_0900_ai_ci NULL DEFAULT '0' COMMENT '状态（0正常 1停用）',
  `create_by` varchar(64) CHARACTER SET utf8mb4 COLLATE utf8mb4_0900_ai_ci NULL DEFAULT '' COMMENT '创建者',
  `create_time` datetime NULL DEFAULT NULL COMMENT '创建时间',
  `update_by` varchar(64) CHARACTER SET utf8mb4 COLLATE utf8mb4_0900_ai_ci NULL DEFAULT '' COMMENT '更新者',
  `update_time` datetime NULL DEFAULT NULL COMMENT '更新时间',
  `remark` varchar(500) CHARACTER SET utf8mb4 COLLATE utf8mb4_0900_ai_ci NULL DEFAULT NULL COMMENT '备注',
  PRIMARY KEY (`dict_code`) USING BTREE
) ENGINE = InnoDB AUTO_INCREMENT = 100 CHARACTER SET = utf8mb4 COLLATE = utf8mb4_0900_ai_ci COMMENT = '字典数据表' ROW_FORMAT = Dynamic;

-- ----------------------------
-- Records of sys_dict_data
-- ----------------------------
INSERT INTO `sys_dict_data` VALUES (1, 1, '男', '0', 'sys_user_sex', '', '', 'Y', '0', 'admin', '2023-08-14 19:15:22', '', NULL, '性别男');
INSERT INTO `sys_dict_data` VALUES (2, 2, '女', '1', 'sys_user_sex', '', '', 'N', '0', 'admin', '2023-08-14 19:15:22', '', NULL, '性别女');
INSERT INTO `sys_dict_data` VALUES (3, 3, '未知', '2', 'sys_user_sex', '', '', 'N', '0', 'admin', '2023-08-14 19:15:22', '', NULL, '性别未知');
INSERT INTO `sys_dict_data` VALUES (4, 1, '显示', '0', 'sys_show_hide', '', 'primary', 'Y', '0', 'admin', '2023-08-14 19:15:22', '', NULL, '显示菜单');
INSERT INTO `sys_dict_data` VALUES (5, 2, '隐藏', '1', 'sys_show_hide', '', 'danger', 'N', '0', 'admin', '2023-08-14 19:15:22', '', NULL, '隐藏菜单');
INSERT INTO `sys_dict_data` VALUES (6, 1, '正常', '0', 'sys_normal_disable', '', 'primary', 'Y', '0', 'admin', '2023-08-14 19:15:22', '', NULL, '正常状态');
INSERT INTO `sys_dict_data` VALUES (7, 2, '停用', '1', 'sys_normal_disable', '', 'danger', 'N', '0', 'admin', '2023-08-14 19:15:22', '', NULL, '停用状态');
INSERT INTO `sys_dict_data` VALUES (8, 1, '正常', '0', 'sys_job_status', '', 'primary', 'Y', '0', 'admin', '2023-08-14 19:15:22', '', NULL, '正常状态');
INSERT INTO `sys_dict_data` VALUES (9, 2, '暂停', '1', 'sys_job_status', '', 'danger', 'N', '0', 'admin', '2023-08-14 19:15:22', '', NULL, '停用状态');
INSERT INTO `sys_dict_data` VALUES (10, 1, '默认', 'DEFAULT', 'sys_job_group', '', '', 'Y', '0', 'admin', '2023-08-14 19:15:22', '', NULL, '默认分组');
INSERT INTO `sys_dict_data` VALUES (11, 2, '系统', 'SYSTEM', 'sys_job_group', '', '', 'N', '0', 'admin', '2023-08-14 19:15:22', '', NULL, '系统分组');
INSERT INTO `sys_dict_data` VALUES (12, 1, '是', 'Y', 'sys_yes_no', '', 'primary', 'Y', '0', 'admin', '2023-08-14 19:15:22', '', NULL, '系统默认是');
INSERT INTO `sys_dict_data` VALUES (13, 2, '否', 'N', 'sys_yes_no', '', 'danger', 'N', '0', 'admin', '2023-08-14 19:15:22', '', NULL, '系统默认否');
INSERT INTO `sys_dict_data` VALUES (14, 1, '通知', '1', 'sys_notice_type', '', 'warning', 'Y', '0', 'admin', '2023-08-14 19:15:22', '', NULL, '通知');
INSERT INTO `sys_dict_data` VALUES (15, 2, '公告', '2', 'sys_notice_type', '', 'success', 'N', '0', 'admin', '2023-08-14 19:15:22', '', NULL, '公告');
INSERT INTO `sys_dict_data` VALUES (16, 1, '正常', '0', 'sys_notice_status', '', 'primary', 'Y', '0', 'admin', '2023-08-14 19:15:22', '', NULL, '正常状态');
INSERT INTO `sys_dict_data` VALUES (17, 2, '关闭', '1', 'sys_notice_status', '', 'danger', 'N', '0', 'admin', '2023-08-14 19:15:22', '', NULL, '关闭状态');
INSERT INTO `sys_dict_data` VALUES (18, 1, '新增', '1', 'sys_oper_type', '', 'info', 'N', '0', 'admin', '2023-08-14 19:15:22', '', NULL, '新增操作');
INSERT INTO `sys_dict_data` VALUES (19, 2, '修改', '2', 'sys_oper_type', '', 'info', 'N', '0', 'admin', '2023-08-14 19:15:22', '', NULL, '修改操作');
INSERT INTO `sys_dict_data` VALUES (20, 3, '删除', '3', 'sys_oper_type', '', 'danger', 'N', '0', 'admin', '2023-08-14 19:15:22', '', NULL, '删除操作');
INSERT INTO `sys_dict_data` VALUES (21, 4, '授权', '4', 'sys_oper_type', '', 'primary', 'N', '0', 'admin', '2023-08-14 19:15:22', '', NULL, '授权操作');
INSERT INTO `sys_dict_data` VALUES (22, 5, '导出', '5', 'sys_oper_type', '', 'warning', 'N', '0', 'admin', '2023-08-14 19:15:22', '', NULL, '导出操作');
INSERT INTO `sys_dict_data` VALUES (23, 6, '导入', '6', 'sys_oper_type', '', 'warning', 'N', '0', 'admin', '2023-08-14 19:15:22', '', NULL, '导入操作');
INSERT INTO `sys_dict_data` VALUES (24, 7, '强退', '7', 'sys_oper_type', '', 'danger', 'N', '0', 'admin', '2023-08-14 19:15:22', '', NULL, '强退操作');
INSERT INTO `sys_dict_data` VALUES (25, 8, '生成代码', '8', 'sys_oper_type', '', 'warning', 'N', '0', 'admin', '2023-08-14 19:15:22', '', NULL, '生成操作');
INSERT INTO `sys_dict_data` VALUES (26, 9, '清空数据', '9', 'sys_oper_type', '', 'danger', 'N', '0', 'admin', '2023-08-14 19:15:22', '', NULL, '清空操作');
INSERT INTO `sys_dict_data` VALUES (27, 1, '成功', '0', 'sys_common_status', '', 'primary', 'N', '0', 'admin', '2023-08-14 19:15:22', '', NULL, '正常状态');
INSERT INTO `sys_dict_data` VALUES (28, 2, '失败', '1', 'sys_common_status', '', 'danger', 'N', '0', 'admin', '2023-08-14 19:15:22', '', NULL, '停用状态');

-- ----------------------------
-- Table structure for sys_dict_type
-- ----------------------------
DROP TABLE IF EXISTS `sys_dict_type`;
CREATE TABLE `sys_dict_type`  (
  `dict_id` bigint NOT NULL AUTO_INCREMENT COMMENT '字典主键',
  `dict_name` varchar(100) CHARACTER SET utf8mb4 COLLATE utf8mb4_0900_ai_ci NULL DEFAULT '' COMMENT '字典名称',
  `dict_type` varchar(100) CHARACTER SET utf8mb4 COLLATE utf8mb4_0900_ai_ci NULL DEFAULT '' COMMENT '字典类型',
  `status` char(1) CHARACTER SET utf8mb4 COLLATE utf8mb4_0900_ai_ci NULL DEFAULT '0' COMMENT '状态（0正常 1停用）',
  `create_by` varchar(64) CHARACTER SET utf8mb4 COLLATE utf8mb4_0900_ai_ci NULL DEFAULT '' COMMENT '创建者',
  `create_time` datetime NULL DEFAULT NULL COMMENT '创建时间',
  `update_by` varchar(64) CHARACTER SET utf8mb4 COLLATE utf8mb4_0900_ai_ci NULL DEFAULT '' COMMENT '更新者',
  `update_time` datetime NULL DEFAULT NULL COMMENT '更新时间',
  `remark` varchar(500) CHARACTER SET utf8mb4 COLLATE utf8mb4_0900_ai_ci NULL DEFAULT NULL COMMENT '备注',
  PRIMARY KEY (`dict_id`) USING BTREE,
  UNIQUE INDEX `dict_type`(`dict_type`) USING BTREE
) ENGINE = InnoDB AUTO_INCREMENT = 100 CHARACTER SET = utf8mb4 COLLATE = utf8mb4_0900_ai_ci COMMENT = '字典类型表' ROW_FORMAT = Dynamic;

-- ----------------------------
-- Records of sys_dict_type
-- ----------------------------
INSERT INTO `sys_dict_type` VALUES (1, '用户性别', 'sys_user_sex', '0', 'admin', '2023-08-14 19:15:22', '', NULL, '用户性别列表');
INSERT INTO `sys_dict_type` VALUES (2, '菜单状态', 'sys_show_hide', '0', 'admin', '2023-08-14 19:15:22', '', NULL, '菜单状态列表');
INSERT INTO `sys_dict_type` VALUES (3, '系统开关', 'sys_normal_disable', '0', 'admin', '2023-08-14 19:15:22', '', NULL, '系统开关列表');
INSERT INTO `sys_dict_type` VALUES (4, '任务状态', 'sys_job_status', '0', 'admin', '2023-08-14 19:15:22', '', NULL, '任务状态列表');
INSERT INTO `sys_dict_type` VALUES (5, '任务分组', 'sys_job_group', '0', 'admin', '2023-08-14 19:15:22', '', NULL, '任务分组列表');
INSERT INTO `sys_dict_type` VALUES (6, '系统是否', 'sys_yes_no', '0', 'admin', '2023-08-14 19:15:22', '', NULL, '系统是否列表');
INSERT INTO `sys_dict_type` VALUES (7, '通知类型', 'sys_notice_type', '0', 'admin', '2023-08-14 19:15:22', '', NULL, '通知类型列表');
INSERT INTO `sys_dict_type` VALUES (8, '通知状态', 'sys_notice_status', '0', 'admin', '2023-08-14 19:15:22', '', NULL, '通知状态列表');
INSERT INTO `sys_dict_type` VALUES (9, '操作类型', 'sys_oper_type', '0', 'admin', '2023-08-14 19:15:22', '', NULL, '操作类型列表');
INSERT INTO `sys_dict_type` VALUES (10, '系统状态', 'sys_common_status', '0', 'admin', '2023-08-14 19:15:22', '', NULL, '登录状态列表');

-- ----------------------------
-- Table structure for sys_job
-- ----------------------------
DROP TABLE IF EXISTS `sys_job`;
CREATE TABLE `sys_job`  (
  `job_id` bigint NOT NULL AUTO_INCREMENT COMMENT '任务ID',
  `job_name` varchar(64) CHARACTER SET utf8mb4 COLLATE utf8mb4_0900_ai_ci NOT NULL DEFAULT '' COMMENT '任务名称',
  `job_group` varchar(64) CHARACTER SET utf8mb4 COLLATE utf8mb4_0900_ai_ci NOT NULL DEFAULT 'DEFAULT' COMMENT '任务组名',
  `invoke_target` varchar(500) CHARACTER SET utf8mb4 COLLATE utf8mb4_0900_ai_ci NOT NULL COMMENT '调用目标字符串',
  `cron_expression` varchar(255) CHARACTER SET utf8mb4 COLLATE utf8mb4_0900_ai_ci NULL DEFAULT '' COMMENT 'cron执行表达式',
  `misfire_policy` varchar(20) CHARACTER SET utf8mb4 COLLATE utf8mb4_0900_ai_ci NULL DEFAULT '3' COMMENT '计划执行错误策略（1立即执行 2执行一次 3放弃执行）',
  `concurrent` char(1) CHARACTER SET utf8mb4 COLLATE utf8mb4_0900_ai_ci NULL DEFAULT '1' COMMENT '是否并发执行（0允许 1禁止）',
  `status` char(1) CHARACTER SET utf8mb4 COLLATE utf8mb4_0900_ai_ci NULL DEFAULT '0' COMMENT '状态（0正常 1暂停）',
  `create_by` varchar(64) CHARACTER SET utf8mb4 COLLATE utf8mb4_0900_ai_ci NULL DEFAULT '' COMMENT '创建者',
  `create_time` datetime NULL DEFAULT NULL COMMENT '创建时间',
  `update_by` varchar(64) CHARACTER SET utf8mb4 COLLATE utf8mb4_0900_ai_ci NULL DEFAULT '' COMMENT '更新者',
  `update_time` datetime NULL DEFAULT NULL COMMENT '更新时间',
  `remark` varchar(500) CHARACTER SET utf8mb4 COLLATE utf8mb4_0900_ai_ci NULL DEFAULT '' COMMENT '备注信息',
  PRIMARY KEY (`job_id`, `job_name`, `job_group`) USING BTREE
) ENGINE = InnoDB AUTO_INCREMENT = 100 CHARACTER SET = utf8mb4 COLLATE = utf8mb4_0900_ai_ci COMMENT = '定时任务调度表' ROW_FORMAT = Dynamic;

-- ----------------------------
-- Records of sys_job
-- ----------------------------
INSERT INTO `sys_job` VALUES (1, '系统默认（无参）', 'DEFAULT', 'ryTask.ryNoParams', '0/10 * * * * ?', '3', '1', '1', 'admin', '2023-08-14 19:15:22', '', NULL, '');
INSERT INTO `sys_job` VALUES (2, '系统默认（有参）', 'DEFAULT', 'ryTask.ryParams(\'ry\')', '0/15 * * * * ?', '3', '1', '1', 'admin', '2023-08-14 19:15:22', '', NULL, '');
INSERT INTO `sys_job` VALUES (3, '系统默认（多参）', 'DEFAULT', 'ryTask.ryMultipleParams(\'ry\', true, 2000L, 316.50D, 100)', '0/20 * * * * ?', '3', '1', '1', 'admin', '2023-08-14 19:15:22', '', NULL, '');

-- ----------------------------
-- Table structure for sys_job_log
-- ----------------------------
DROP TABLE IF EXISTS `sys_job_log`;
CREATE TABLE `sys_job_log`  (
  `job_log_id` bigint NOT NULL AUTO_INCREMENT COMMENT '任务日志ID',
  `job_name` varchar(64) CHARACTER SET utf8mb4 COLLATE utf8mb4_0900_ai_ci NOT NULL COMMENT '任务名称',
  `job_group` varchar(64) CHARACTER SET utf8mb4 COLLATE utf8mb4_0900_ai_ci NOT NULL COMMENT '任务组名',
  `invoke_target` varchar(500) CHARACTER SET utf8mb4 COLLATE utf8mb4_0900_ai_ci NOT NULL COMMENT '调用目标字符串',
  `job_message` varchar(500) CHARACTER SET utf8mb4 COLLATE utf8mb4_0900_ai_ci NULL DEFAULT NULL COMMENT '日志信息',
  `status` char(1) CHARACTER SET utf8mb4 COLLATE utf8mb4_0900_ai_ci NULL DEFAULT '0' COMMENT '执行状态（0正常 1失败）',
  `exception_info` varchar(2000) CHARACTER SET utf8mb4 COLLATE utf8mb4_0900_ai_ci NULL DEFAULT '' COMMENT '异常信息',
  `create_time` datetime NULL DEFAULT NULL COMMENT '创建时间',
  PRIMARY KEY (`job_log_id`) USING BTREE
) ENGINE = InnoDB CHARACTER SET = utf8mb4 COLLATE = utf8mb4_0900_ai_ci COMMENT = '定时任务调度日志表' ROW_FORMAT = Dynamic;

-- ----------------------------
-- Records of sys_job_log
-- ----------------------------

-- ----------------------------
-- Table structure for sys_logininfor
-- ----------------------------
DROP TABLE IF EXISTS `sys_logininfor`;
CREATE TABLE `sys_logininfor`  (
  `info_id` bigint NOT NULL AUTO_INCREMENT COMMENT '访问ID',
  `user_name` varchar(50) CHARACTER SET utf8mb4 COLLATE utf8mb4_0900_ai_ci NULL DEFAULT '' COMMENT '用户账号',
  `ipaddr` varchar(128) CHARACTER SET utf8mb4 COLLATE utf8mb4_0900_ai_ci NULL DEFAULT '' COMMENT '登录IP地址',
  `login_location` varchar(255) CHARACTER SET utf8mb4 COLLATE utf8mb4_0900_ai_ci NULL DEFAULT '' COMMENT '登录地点',
  `browser` varchar(50) CHARACTER SET utf8mb4 COLLATE utf8mb4_0900_ai_ci NULL DEFAULT '' COMMENT '浏览器类型',
  `os` varchar(50) CHARACTER SET utf8mb4 COLLATE utf8mb4_0900_ai_ci NULL DEFAULT '' COMMENT '操作系统',
  `status` char(1) CHARACTER SET utf8mb4 COLLATE utf8mb4_0900_ai_ci NULL DEFAULT '0' COMMENT '登录状态（0成功 1失败）',
  `msg` varchar(255) CHARACTER SET utf8mb4 COLLATE utf8mb4_0900_ai_ci NULL DEFAULT '' COMMENT '提示消息',
  `login_time` datetime NULL DEFAULT NULL COMMENT '访问时间',
  PRIMARY KEY (`info_id`) USING BTREE
) ENGINE = InnoDB AUTO_INCREMENT = 100 CHARACTER SET = utf8mb4 COLLATE = utf8mb4_0900_ai_ci COMMENT = '系统访问记录' ROW_FORMAT = Dynamic;

-- ----------------------------
-- Records of sys_logininfor
-- ----------------------------
INSERT INTO `sys_logininfor` VALUES (100, 'admin', '127.0.0.1', '内网IP', 'Firefox 11', 'Windows 10', '0', '登录成功', '2023-08-14 19:18:13');

-- ----------------------------
-- Table structure for sys_menu
-- ----------------------------
DROP TABLE IF EXISTS `sys_menu`;
CREATE TABLE `sys_menu`  (
  `menu_id` bigint NOT NULL AUTO_INCREMENT COMMENT '菜单ID',
  `menu_name` varchar(50) CHARACTER SET utf8mb4 COLLATE utf8mb4_0900_ai_ci NOT NULL COMMENT '菜单名称',
  `parent_id` bigint NULL DEFAULT 0 COMMENT '父菜单ID',
  `order_num` int NULL DEFAULT 0 COMMENT '显示顺序',
  `path` varchar(200) CHARACTER SET utf8mb4 COLLATE utf8mb4_0900_ai_ci NULL DEFAULT '' COMMENT '路由地址',
  `component` varchar(255) CHARACTER SET utf8mb4 COLLATE utf8mb4_0900_ai_ci NULL DEFAULT NULL COMMENT '组件路径',
  `query` varchar(255) CHARACTER SET utf8mb4 COLLATE utf8mb4_0900_ai_ci NULL DEFAULT NULL COMMENT '路由参数',
  `is_frame` int NULL DEFAULT 1 COMMENT '是否为外链（0是 1否）',
  `is_cache` int NULL DEFAULT 0 COMMENT '是否缓存（0缓存 1不缓存）',
  `menu_type` char(1) CHARACTER SET utf8mb4 COLLATE utf8mb4_0900_ai_ci NULL DEFAULT '' COMMENT '菜单类型（M目录 C菜单 F按钮）',
  `visible` char(1) CHARACTER SET utf8mb4 COLLATE utf8mb4_0900_ai_ci NULL DEFAULT '0' COMMENT '菜单状态（0显示 1隐藏）',
  `status` char(1) CHARACTER SET utf8mb4 COLLATE utf8mb4_0900_ai_ci NULL DEFAULT '0' COMMENT '菜单状态（0正常 1停用）',
  `perms` varchar(100) CHARACTER SET utf8mb4 COLLATE utf8mb4_0900_ai_ci NULL DEFAULT NULL COMMENT '权限标识',
  `icon` varchar(100) CHARACTER SET utf8mb4 COLLATE utf8mb4_0900_ai_ci NULL DEFAULT '#' COMMENT '菜单图标',
  `create_by` varchar(64) CHARACTER SET utf8mb4 COLLATE utf8mb4_0900_ai_ci NULL DEFAULT '' COMMENT '创建者',
  `create_time` datetime NULL DEFAULT NULL COMMENT '创建时间',
  `update_by` varchar(64) CHARACTER SET utf8mb4 COLLATE utf8mb4_0900_ai_ci NULL DEFAULT '' COMMENT '更新者',
  `update_time` datetime NULL DEFAULT NULL COMMENT '更新时间',
  `remark` varchar(500) CHARACTER SET utf8mb4 COLLATE utf8mb4_0900_ai_ci NULL DEFAULT '' COMMENT '备注',
  PRIMARY KEY (`menu_id`) USING BTREE
) ENGINE = InnoDB AUTO_INCREMENT = 2000 CHARACTER SET = utf8mb4 COLLATE = utf8mb4_0900_ai_ci COMMENT = '菜单权限表' ROW_FORMAT = Dynamic;

-- ----------------------------
-- Records of sys_menu
-- ----------------------------
INSERT INTO `sys_menu` VALUES (1, '系统管理', 0, 1, 'system', NULL, '', 1, 0, 'M', '0', '0', '', 'system', 'admin', '2023-08-14 19:15:22', '', NULL, '系统管理目录');
INSERT INTO `sys_menu` VALUES (2, '系统监控', 0, 2, 'monitor', NULL, '', 1, 0, 'M', '0', '0', '', 'monitor', 'admin', '2023-08-14 19:15:22', '', NULL, '系统监控目录');
INSERT INTO `sys_menu` VALUES (3, '系统工具', 0, 3, 'tool', NULL, '', 1, 0, 'M', '0', '0', '', 'tool', 'admin', '2023-08-14 19:15:22', '', NULL, '系统工具目录');
INSERT INTO `sys_menu` VALUES (4, '若依官网', 0, 4, 'http://ruoyi.vip', NULL, '', 0, 0, 'M', '0', '0', '', 'guide', 'admin', '2023-08-14 19:15:22', '', NULL, '若依官网地址');
INSERT INTO `sys_menu` VALUES (100, '用户管理', 1, 1, 'user', 'system/user/index', '', 1, 0, 'C', '0', '0', 'system:user:list', 'user', 'admin', '2023-08-14 19:15:22', '', NULL, '用户管理菜单');
INSERT INTO `sys_menu` VALUES (101, '角色管理', 1, 2, 'role', 'system/role/index', '', 1, 0, 'C', '0', '0', 'system:role:list', 'peoples', 'admin', '2023-08-14 19:15:22', '', NULL, '角色管理菜单');
INSERT INTO `sys_menu` VALUES (102, '菜单管理', 1, 3, 'menu', 'system/menu/index', '', 1, 0, 'C', '0', '0', 'system:menu:list', 'tree-table', 'admin', '2023-08-14 19:15:22', '', NULL, '菜单管理菜单');
INSERT INTO `sys_menu` VALUES (103, '部门管理', 1, 4, 'dept', 'system/dept/index', '', 1, 0, 'C', '0', '0', 'system:dept:list', 'tree', 'admin', '2023-08-14 19:15:22', '', NULL, '部门管理菜单');
INSERT INTO `sys_menu` VALUES (104, '岗位管理', 1, 5, 'post', 'system/post/index', '', 1, 0, 'C', '0', '0', 'system:post:list', 'post', 'admin', '2023-08-14 19:15:22', '', NULL, '岗位管理菜单');
INSERT INTO `sys_menu` VALUES (105, '字典管理', 1, 6, 'dict', 'system/dict/index', '', 1, 0, 'C', '0', '0', 'system:dict:list', 'dict', 'admin', '2023-08-14 19:15:22', '', NULL, '字典管理菜单');
INSERT INTO `sys_menu` VALUES (106, '参数设置', 1, 7, 'config', 'system/config/index', '', 1, 0, 'C', '0', '0', 'system:config:list', 'edit', 'admin', '2023-08-14 19:15:22', '', NULL, '参数设置菜单');
INSERT INTO `sys_menu` VALUES (107, '通知公告', 1, 8, 'notice', 'system/notice/index', '', 1, 0, 'C', '0', '0', 'system:notice:list', 'message', 'admin', '2023-08-14 19:15:22', '', NULL, '通知公告菜单');
INSERT INTO `sys_menu` VALUES (108, '日志管理', 1, 9, 'log', '', '', 1, 0, 'M', '0', '0', '', 'log', 'admin', '2023-08-14 19:15:22', '', NULL, '日志管理菜单');
INSERT INTO `sys_menu` VALUES (109, '在线用户', 2, 1, 'online', 'monitor/online/index', '', 1, 0, 'C', '0', '0', 'monitor:online:list', 'online', 'admin', '2023-08-14 19:15:22', '', NULL, '在线用户菜单');
INSERT INTO `sys_menu` VALUES (110, '定时任务', 2, 2, 'job', 'monitor/job/index', '', 1, 0, 'C', '0', '0', 'monitor:job:list', 'job', 'admin', '2023-08-14 19:15:22', '', NULL, '定时任务菜单');
INSERT INTO `sys_menu` VALUES (111, '数据监控', 2, 3, 'druid', 'monitor/druid/index', '', 1, 0, 'C', '0', '0', 'monitor:druid:list', 'druid', 'admin', '2023-08-14 19:15:22', '', NULL, '数据监控菜单');
INSERT INTO `sys_menu` VALUES (112, '服务监控', 2, 4, 'server', 'monitor/server/index', '', 1, 0, 'C', '0', '0', 'monitor:server:list', 'server', 'admin', '2023-08-14 19:15:22', '', NULL, '服务监控菜单');
INSERT INTO `sys_menu` VALUES (113, '缓存监控', 2, 5, 'cache', 'monitor/cache/index', '', 1, 0, 'C', '0', '0', 'monitor:cache:list', 'redis', 'admin', '2023-08-14 19:15:22', '', NULL, '缓存监控菜单');
INSERT INTO `sys_menu` VALUES (114, '缓存列表', 2, 6, 'cacheList', 'monitor/cache/list', '', 1, 0, 'C', '0', '0', 'monitor:cache:list', 'redis-list', 'admin', '2023-08-14 19:15:22', '', NULL, '缓存列表菜单');
INSERT INTO `sys_menu` VALUES (115, '表单构建', 3, 1, 'build', 'tool/build/index', '', 1, 0, 'C', '0', '0', 'tool:build:list', 'build', 'admin', '2023-08-14 19:15:22', '', NULL, '表单构建菜单');
INSERT INTO `sys_menu` VALUES (116, '代码生成', 3, 2, 'gen', 'tool/gen/index', '', 1, 0, 'C', '0', '0', 'tool:gen:list', 'code', 'admin', '2023-08-14 19:15:22', '', NULL, '代码生成菜单');
INSERT INTO `sys_menu` VALUES (117, '系统接口', 3, 3, 'swagger', 'tool/swagger/index', '', 1, 0, 'C', '0', '0', 'tool:swagger:list', 'swagger', 'admin', '2023-08-14 19:15:22', '', NULL, '系统接口菜单');
INSERT INTO `sys_menu` VALUES (500, '操作日志', 108, 1, 'operlog', 'monitor/operlog/index', '', 1, 0, 'C', '0', '0', 'monitor:operlog:list', 'form', 'admin', '2023-08-14 19:15:22', '', NULL, '操作日志菜单');
INSERT INTO `sys_menu` VALUES (501, '登录日志', 108, 2, 'logininfor', 'monitor/logininfor/index', '', 1, 0, 'C', '0', '0', 'monitor:logininfor:list', 'logininfor', 'admin', '2023-08-14 19:15:22', '', NULL, '登录日志菜单');
INSERT INTO `sys_menu` VALUES (1000, '用户查询', 100, 1, '', '', '', 1, 0, 'F', '0', '0', 'system:user:query', '#', 'admin', '2023-08-14 19:15:22', '', NULL, '');
INSERT INTO `sys_menu` VALUES (1001, '用户新增', 100, 2, '', '', '', 1, 0, 'F', '0', '0', 'system:user:add', '#', 'admin', '2023-08-14 19:15:22', '', NULL, '');
INSERT INTO `sys_menu` VALUES (1002, '用户修改', 100, 3, '', '', '', 1, 0, 'F', '0', '0', 'system:user:edit', '#', 'admin', '2023-08-14 19:15:22', '', NULL, '');
INSERT INTO `sys_menu` VALUES (1003, '用户删除', 100, 4, '', '', '', 1, 0, 'F', '0', '0', 'system:user:remove', '#', 'admin', '2023-08-14 19:15:22', '', NULL, '');
INSERT INTO `sys_menu` VALUES (1004, '用户导出', 100, 5, '', '', '', 1, 0, 'F', '0', '0', 'system:user:export', '#', 'admin', '2023-08-14 19:15:22', '', NULL, '');
INSERT INTO `sys_menu` VALUES (1005, '用户导入', 100, 6, '', '', '', 1, 0, 'F', '0', '0', 'system:user:import', '#', 'admin', '2023-08-14 19:15:22', '', NULL, '');
INSERT INTO `sys_menu` VALUES (1006, '重置密码', 100, 7, '', '', '', 1, 0, 'F', '0', '0', 'system:user:resetPwd', '#', 'admin', '2023-08-14 19:15:22', '', NULL, '');
INSERT INTO `sys_menu` VALUES (1007, '角色查询', 101, 1, '', '', '', 1, 0, 'F', '0', '0', 'system:role:query', '#', 'admin', '2023-08-14 19:15:22', '', NULL, '');
INSERT INTO `sys_menu` VALUES (1008, '角色新增', 101, 2, '', '', '', 1, 0, 'F', '0', '0', 'system:role:add', '#', 'admin', '2023-08-14 19:15:22', '', NULL, '');
INSERT INTO `sys_menu` VALUES (1009, '角色修改', 101, 3, '', '', '', 1, 0, 'F', '0', '0', 'system:role:edit', '#', 'admin', '2023-08-14 19:15:22', '', NULL, '');
INSERT INTO `sys_menu` VALUES (1010, '角色删除', 101, 4, '', '', '', 1, 0, 'F', '0', '0', 'system:role:remove', '#', 'admin', '2023-08-14 19:15:22', '', NULL, '');
INSERT INTO `sys_menu` VALUES (1011, '角色导出', 101, 5, '', '', '', 1, 0, 'F', '0', '0', 'system:role:export', '#', 'admin', '2023-08-14 19:15:22', '', NULL, '');
INSERT INTO `sys_menu` VALUES (1012, '菜单查询', 102, 1, '', '', '', 1, 0, 'F', '0', '0', 'system:menu:query', '#', 'admin', '2023-08-14 19:15:22', '', NULL, '');
INSERT INTO `sys_menu` VALUES (1013, '菜单新增', 102, 2, '', '', '', 1, 0, 'F', '0', '0', 'system:menu:add', '#', 'admin', '2023-08-14 19:15:22', '', NULL, '');
INSERT INTO `sys_menu` VALUES (1014, '菜单修改', 102, 3, '', '', '', 1, 0, 'F', '0', '0', 'system:menu:edit', '#', 'admin', '2023-08-14 19:15:22', '', NULL, '');
INSERT INTO `sys_menu` VALUES (1015, '菜单删除', 102, 4, '', '', '', 1, 0, 'F', '0', '0', 'system:menu:remove', '#', 'admin', '2023-08-14 19:15:22', '', NULL, '');
INSERT INTO `sys_menu` VALUES (1016, '部门查询', 103, 1, '', '', '', 1, 0, 'F', '0', '0', 'system:dept:query', '#', 'admin', '2023-08-14 19:15:22', '', NULL, '');
INSERT INTO `sys_menu` VALUES (1017, '部门新增', 103, 2, '', '', '', 1, 0, 'F', '0', '0', 'system:dept:add', '#', 'admin', '2023-08-14 19:15:22', '', NULL, '');
INSERT INTO `sys_menu` VALUES (1018, '部门修改', 103, 3, '', '', '', 1, 0, 'F', '0', '0', 'system:dept:edit', '#', 'admin', '2023-08-14 19:15:22', '', NULL, '');
INSERT INTO `sys_menu` VALUES (1019, '部门删除', 103, 4, '', '', '', 1, 0, 'F', '0', '0', 'system:dept:remove', '#', 'admin', '2023-08-14 19:15:22', '', NULL, '');
INSERT INTO `sys_menu` VALUES (1020, '岗位查询', 104, 1, '', '', '', 1, 0, 'F', '0', '0', 'system:post:query', '#', 'admin', '2023-08-14 19:15:22', '', NULL, '');
INSERT INTO `sys_menu` VALUES (1021, '岗位新增', 104, 2, '', '', '', 1, 0, 'F', '0', '0', 'system:post:add', '#', 'admin', '2023-08-14 19:15:22', '', NULL, '');
INSERT INTO `sys_menu` VALUES (1022, '岗位修改', 104, 3, '', '', '', 1, 0, 'F', '0', '0', 'system:post:edit', '#', 'admin', '2023-08-14 19:15:22', '', NULL, '');
INSERT INTO `sys_menu` VALUES (1023, '岗位删除', 104, 4, '', '', '', 1, 0, 'F', '0', '0', 'system:post:remove', '#', 'admin', '2023-08-14 19:15:22', '', NULL, '');
INSERT INTO `sys_menu` VALUES (1024, '岗位导出', 104, 5, '', '', '', 1, 0, 'F', '0', '0', 'system:post:export', '#', 'admin', '2023-08-14 19:15:22', '', NULL, '');
INSERT INTO `sys_menu` VALUES (1025, '字典查询', 105, 1, '#', '', '', 1, 0, 'F', '0', '0', 'system:dict:query', '#', 'admin', '2023-08-14 19:15:22', '', NULL, '');
INSERT INTO `sys_menu` VALUES (1026, '字典新增', 105, 2, '#', '', '', 1, 0, 'F', '0', '0', 'system:dict:add', '#', 'admin', '2023-08-14 19:15:22', '', NULL, '');
INSERT INTO `sys_menu` VALUES (1027, '字典修改', 105, 3, '#', '', '', 1, 0, 'F', '0', '0', 'system:dict:edit', '#', 'admin', '2023-08-14 19:15:22', '', NULL, '');
INSERT INTO `sys_menu` VALUES (1028, '字典删除', 105, 4, '#', '', '', 1, 0, 'F', '0', '0', 'system:dict:remove', '#', 'admin', '2023-08-14 19:15:22', '', NULL, '');
INSERT INTO `sys_menu` VALUES (1029, '字典导出', 105, 5, '#', '', '', 1, 0, 'F', '0', '0', 'system:dict:export', '#', 'admin', '2023-08-14 19:15:22', '', NULL, '');
INSERT INTO `sys_menu` VALUES (1030, '参数查询', 106, 1, '#', '', '', 1, 0, 'F', '0', '0', 'system:config:query', '#', 'admin', '2023-08-14 19:15:22', '', NULL, '');
INSERT INTO `sys_menu` VALUES (1031, '参数新增', 106, 2, '#', '', '', 1, 0, 'F', '0', '0', 'system:config:add', '#', 'admin', '2023-08-14 19:15:22', '', NULL, '');
INSERT INTO `sys_menu` VALUES (1032, '参数修改', 106, 3, '#', '', '', 1, 0, 'F', '0', '0', 'system:config:edit', '#', 'admin', '2023-08-14 19:15:22', '', NULL, '');
INSERT INTO `sys_menu` VALUES (1033, '参数删除', 106, 4, '#', '', '', 1, 0, 'F', '0', '0', 'system:config:remove', '#', 'admin', '2023-08-14 19:15:22', '', NULL, '');
INSERT INTO `sys_menu` VALUES (1034, '参数导出', 106, 5, '#', '', '', 1, 0, 'F', '0', '0', 'system:config:export', '#', 'admin', '2023-08-14 19:15:22', '', NULL, '');
INSERT INTO `sys_menu` VALUES (1035, '公告查询', 107, 1, '#', '', '', 1, 0, 'F', '0', '0', 'system:notice:query', '#', 'admin', '2023-08-14 19:15:22', '', NULL, '');
INSERT INTO `sys_menu` VALUES (1036, '公告新增', 107, 2, '#', '', '', 1, 0, 'F', '0', '0', 'system:notice:add', '#', 'admin', '2023-08-14 19:15:22', '', NULL, '');
INSERT INTO `sys_menu` VALUES (1037, '公告修改', 107, 3, '#', '', '', 1, 0, 'F', '0', '0', 'system:notice:edit', '#', 'admin', '2023-08-14 19:15:22', '', NULL, '');
INSERT INTO `sys_menu` VALUES (1038, '公告删除', 107, 4, '#', '', '', 1, 0, 'F', '0', '0', 'system:notice:remove', '#', 'admin', '2023-08-14 19:15:22', '', NULL, '');
INSERT INTO `sys_menu` VALUES (1039, '操作查询', 500, 1, '#', '', '', 1, 0, 'F', '0', '0', 'monitor:operlog:query', '#', 'admin', '2023-08-14 19:15:22', '', NULL, '');
INSERT INTO `sys_menu` VALUES (1040, '操作删除', 500, 2, '#', '', '', 1, 0, 'F', '0', '0', 'monitor:operlog:remove', '#', 'admin', '2023-08-14 19:15:22', '', NULL, '');
INSERT INTO `sys_menu` VALUES (1041, '日志导出', 500, 4, '#', '', '', 1, 0, 'F', '0', '0', 'monitor:operlog:export', '#', 'admin', '2023-08-14 19:15:22', '', NULL, '');
INSERT INTO `sys_menu` VALUES (1042, '登录查询', 501, 1, '#', '', '', 1, 0, 'F', '0', '0', 'monitor:logininfor:query', '#', 'admin', '2023-08-14 19:15:22', '', NULL, '');
INSERT INTO `sys_menu` VALUES (1043, '登录删除', 501, 2, '#', '', '', 1, 0, 'F', '0', '0', 'monitor:logininfor:remove', '#', 'admin', '2023-08-14 19:15:22', '', NULL, '');
INSERT INTO `sys_menu` VALUES (1044, '日志导出', 501, 3, '#', '', '', 1, 0, 'F', '0', '0', 'monitor:logininfor:export', '#', 'admin', '2023-08-14 19:15:22', '', NULL, '');
INSERT INTO `sys_menu` VALUES (1045, '在线查询', 109, 1, '#', '', '', 1, 0, 'F', '0', '0', 'monitor:online:query', '#', 'admin', '2023-08-14 19:15:22', '', NULL, '');
INSERT INTO `sys_menu` VALUES (1046, '批量强退', 109, 2, '#', '', '', 1, 0, 'F', '0', '0', 'monitor:online:batchLogout', '#', 'admin', '2023-08-14 19:15:22', '', NULL, '');
INSERT INTO `sys_menu` VALUES (1047, '单条强退', 109, 3, '#', '', '', 1, 0, 'F', '0', '0', 'monitor:online:forceLogout', '#', 'admin', '2023-08-14 19:15:22', '', NULL, '');
INSERT INTO `sys_menu` VALUES (1048, '任务查询', 110, 1, '#', '', '', 1, 0, 'F', '0', '0', 'monitor:job:query', '#', 'admin', '2023-08-14 19:15:22', '', NULL, '');
INSERT INTO `sys_menu` VALUES (1049, '任务新增', 110, 2, '#', '', '', 1, 0, 'F', '0', '0', 'monitor:job:add', '#', 'admin', '2023-08-14 19:15:22', '', NULL, '');
INSERT INTO `sys_menu` VALUES (1050, '任务修改', 110, 3, '#', '', '', 1, 0, 'F', '0', '0', 'monitor:job:edit', '#', 'admin', '2023-08-14 19:15:22', '', NULL, '');
INSERT INTO `sys_menu` VALUES (1051, '任务删除', 110, 4, '#', '', '', 1, 0, 'F', '0', '0', 'monitor:job:remove', '#', 'admin', '2023-08-14 19:15:22', '', NULL, '');
INSERT INTO `sys_menu` VALUES (1052, '状态修改', 110, 5, '#', '', '', 1, 0, 'F', '0', '0', 'monitor:job:changeStatus', '#', 'admin', '2023-08-14 19:15:22', '', NULL, '');
INSERT INTO `sys_menu` VALUES (1053, '任务导出', 110, 7, '#', '', '', 1, 0, 'F', '0', '0', 'monitor:job:export', '#', 'admin', '2023-08-14 19:15:22', '', NULL, '');
INSERT INTO `sys_menu` VALUES (1054, '生成查询', 115, 1, '#', '', '', 1, 0, 'F', '0', '0', 'tool:gen:query', '#', 'admin', '2023-08-14 19:15:22', '', NULL, '');
INSERT INTO `sys_menu` VALUES (1055, '生成修改', 115, 2, '#', '', '', 1, 0, 'F', '0', '0', 'tool:gen:edit', '#', 'admin', '2023-08-14 19:15:22', '', NULL, '');
INSERT INTO `sys_menu` VALUES (1056, '生成删除', 115, 3, '#', '', '', 1, 0, 'F', '0', '0', 'tool:gen:remove', '#', 'admin', '2023-08-14 19:15:22', '', NULL, '');
INSERT INTO `sys_menu` VALUES (1057, '导入代码', 115, 2, '#', '', '', 1, 0, 'F', '0', '0', 'tool:gen:import', '#', 'admin', '2023-08-14 19:15:22', '', NULL, '');
INSERT INTO `sys_menu` VALUES (1058, '预览代码', 115, 4, '#', '', '', 1, 0, 'F', '0', '0', 'tool:gen:preview', '#', 'admin', '2023-08-14 19:15:22', '', NULL, '');
INSERT INTO `sys_menu` VALUES (1059, '生成代码', 115, 5, '#', '', '', 1, 0, 'F', '0', '0', 'tool:gen:code', '#', 'admin', '2023-08-14 19:15:22', '', NULL, '');
INSERT INTO `sys_menu` VALUES (2000, '纯数据管理', 0, 1, '/', NULL, NULL, 1, 0, 'M', '0', '0', NULL, 'excel', 'admin', '2023-08-14 19:21:39', '', NULL, '');
INSERT INTO `sys_menu` VALUES (2001, '教师和教师证书关系', 2000, 1, 'tRelationTeahcerCertificates', 'system/tRelationTeahcerCertificates/index', NULL, 1, 0, 'C', '0', '0', 'system:tRelationTeahcerCertificates:list', '#', 'admin', '2023-08-14 19:25:55', '', NULL, '教师和教师证书关系菜单');
INSERT INTO `sys_menu` VALUES (2002, '教师和教师证书关系查询', 2001, 1, '#', '', NULL, 1, 0, 'F', '0', '0', 'system:tRelationTeahcerCertificates:query', '#', 'admin', '2023-08-14 19:25:55', '', NULL, '');
INSERT INTO `sys_menu` VALUES (2003, '教师和教师证书关系新增', 2001, 2, '#', '', NULL, 1, 0, 'F', '0', '0', 'system:tRelationTeahcerCertificates:add', '#', 'admin', '2023-08-14 19:25:55', '', NULL, '');
INSERT INTO `sys_menu` VALUES (2004, '教师和教师证书关系修改', 2001, 3, '#', '', NULL, 1, 0, 'F', '0', '0', 'system:tRelationTeahcerCertificates:edit', '#', 'admin', '2023-08-14 19:25:55', '', NULL, '');
INSERT INTO `sys_menu` VALUES (2005, '教师和教师证书关系删除', 2001, 4, '#', '', NULL, 1, 0, 'F', '0', '0', 'system:tRelationTeahcerCertificates:remove', '#', 'admin', '2023-08-14 19:25:55', '', NULL, '');
INSERT INTO `sys_menu` VALUES (2006, '教师和教师证书关系导出', 2001, 5, '#', '', NULL, 1, 0, 'F', '0', '0', 'system:tRelationTeahcerCertificates:export', '#', 'admin', '2023-08-14 19:25:55', '', NULL, '');
INSERT INTO `sys_menu` VALUES (2007, '学生', 2000, 1, 'tStudent', 'system/tStudent/index', NULL, 1, 0, 'C', '0', '0', 'system:tStudent:list', '#', 'admin', '2023-08-14 19:26:00', '', NULL, '学生菜单');
INSERT INTO `sys_menu` VALUES (2008, '学生查询', 2007, 1, '#', '', NULL, 1, 0, 'F', '0', '0', 'system:tStudent:query', '#', 'admin', '2023-08-14 19:26:00', '', NULL, '');
INSERT INTO `sys_menu` VALUES (2009, '学生新增', 2007, 2, '#', '', NULL, 1, 0, 'F', '0', '0', 'system:tStudent:add', '#', 'admin', '2023-08-14 19:26:00', '', NULL, '');
INSERT INTO `sys_menu` VALUES (2010, '学生修改', 2007, 3, '#', '', NULL, 1, 0, 'F', '0', '0', 'system:tStudent:edit', '#', 'admin', '2023-08-14 19:26:00', '', NULL, '');
INSERT INTO `sys_menu` VALUES (2011, '学生删除', 2007, 4, '#', '', NULL, 1, 0, 'F', '0', '0', 'system:tStudent:remove', '#', 'admin', '2023-08-14 19:26:00', '', NULL, '');
INSERT INTO `sys_menu` VALUES (2012, '学生导出', 2007, 5, '#', '', NULL, 1, 0, 'F', '0', '0', 'system:tStudent:export', '#', 'admin', '2023-08-14 19:26:00', '', NULL, '');
INSERT INTO `sys_menu` VALUES (2013, '教学科目', 2000, 1, 'tSubject', 'system/tSubject/index', NULL, 1, 0, 'C', '0', '0', 'system:tSubject:list', '#', 'admin', '2023-08-14 19:26:04', '', NULL, '教学科目菜单');
INSERT INTO `sys_menu` VALUES (2014, '教学科目查询', 2013, 1, '#', '', NULL, 1, 0, 'F', '0', '0', 'system:tSubject:query', '#', 'admin', '2023-08-14 19:26:04', '', NULL, '');
INSERT INTO `sys_menu` VALUES (2015, '教学科目新增', 2013, 2, '#', '', NULL, 1, 0, 'F', '0', '0', 'system:tSubject:add', '#', 'admin', '2023-08-14 19:26:04', '', NULL, '');
INSERT INTO `sys_menu` VALUES (2016, '教学科目修改', 2013, 3, '#', '', NULL, 1, 0, 'F', '0', '0', 'system:tSubject:edit', '#', 'admin', '2023-08-14 19:26:04', '', NULL, '');
INSERT INTO `sys_menu` VALUES (2017, '教学科目删除', 2013, 4, '#', '', NULL, 1, 0, 'F', '0', '0', 'system:tSubject:remove', '#', 'admin', '2023-08-14 19:26:04', '', NULL, '');
INSERT INTO `sys_menu` VALUES (2018, '教学科目导出', 2013, 5, '#', '', NULL, 1, 0, 'F', '0', '0', 'system:tSubject:export', '#', 'admin', '2023-08-14 19:26:04', '', NULL, '');
INSERT INTO `sys_menu` VALUES (2019, '教师个人优势', 2000, 1, 'tTeacherAdvantages', 'system/tTeacherAdvantages/index', NULL, 1, 0, 'C', '0', '0', 'system:tTeacherAdvantages:list', '#', 'admin', '2023-08-14 19:26:08', '', NULL, '教师个人优势菜单');
INSERT INTO `sys_menu` VALUES (2020, '教师个人优势查询', 2019, 1, '#', '', NULL, 1, 0, 'F', '0', '0', 'system:tTeacherAdvantages:query', '#', 'admin', '2023-08-14 19:26:08', '', NULL, '');
INSERT INTO `sys_menu` VALUES (2021, '教师个人优势新增', 2019, 2, '#', '', NULL, 1, 0, 'F', '0', '0', 'system:tTeacherAdvantages:add', '#', 'admin', '2023-08-14 19:26:08', '', NULL, '');
INSERT INTO `sys_menu` VALUES (2022, '教师个人优势修改', 2019, 3, '#', '', NULL, 1, 0, 'F', '0', '0', 'system:tTeacherAdvantages:edit', '#', 'admin', '2023-08-14 19:26:08', '', NULL, '');
INSERT INTO `sys_menu` VALUES (2023, '教师个人优势删除', 2019, 4, '#', '', NULL, 1, 0, 'F', '0', '0', 'system:tTeacherAdvantages:remove', '#', 'admin', '2023-08-14 19:26:08', '', NULL, '');
INSERT INTO `sys_menu` VALUES (2024, '教师个人优势导出', 2019, 5, '#', '', NULL, 1, 0, 'F', '0', '0', 'system:tTeacherAdvantages:export', '#', 'admin', '2023-08-14 19:26:08', '', NULL, '');
INSERT INTO `sys_menu` VALUES (2025, '教师个人优势分类', 2000, 1, 'tTeacherAdvantagesType', 'system/tTeacherAdvantagesType/index', NULL, 1, 0, 'C', '0', '0', 'system:tTeacherAdvantagesType:list', '#', 'admin', '2023-08-14 19:26:12', '', NULL, '教师个人优势分类菜单');
INSERT INTO `sys_menu` VALUES (2026, '教师个人优势分类查询', 2025, 1, '#', '', NULL, 1, 0, 'F', '0', '0', 'system:tTeacherAdvantagesType:query', '#', 'admin', '2023-08-14 19:26:12', '', NULL, '');
INSERT INTO `sys_menu` VALUES (2027, '教师个人优势分类新增', 2025, 2, '#', '', NULL, 1, 0, 'F', '0', '0', 'system:tTeacherAdvantagesType:add', '#', 'admin', '2023-08-14 19:26:12', '', NULL, '');
INSERT INTO `sys_menu` VALUES (2028, '教师个人优势分类修改', 2025, 3, '#', '', NULL, 1, 0, 'F', '0', '0', 'system:tTeacherAdvantagesType:edit', '#', 'admin', '2023-08-14 19:26:12', '', NULL, '');
INSERT INTO `sys_menu` VALUES (2029, '教师个人优势分类删除', 2025, 4, '#', '', NULL, 1, 0, 'F', '0', '0', 'system:tTeacherAdvantagesType:remove', '#', 'admin', '2023-08-14 19:26:12', '', NULL, '');
INSERT INTO `sys_menu` VALUES (2030, '教师个人优势分类导出', 2025, 5, '#', '', NULL, 1, 0, 'F', '0', '0', 'system:tTeacherAdvantagesType:export', '#', 'admin', '2023-08-14 19:26:12', '', NULL, '');
INSERT INTO `sys_menu` VALUES (2031, '教师证书', 2000, 1, 'tTeacherCertificates', 'system/tTeacherCertificates/index', NULL, 1, 0, 'C', '0', '0', 'system:tTeacherCertificates:list', '#', 'admin', '2023-08-14 19:26:15', '', NULL, '教师证书菜单');
INSERT INTO `sys_menu` VALUES (2032, '教师证书查询', 2031, 1, '#', '', NULL, 1, 0, 'F', '0', '0', 'system:tTeacherCertificates:query', '#', 'admin', '2023-08-14 19:26:15', '', NULL, '');
INSERT INTO `sys_menu` VALUES (2033, '教师证书新增', 2031, 2, '#', '', NULL, 1, 0, 'F', '0', '0', 'system:tTeacherCertificates:add', '#', 'admin', '2023-08-14 19:26:15', '', NULL, '');
INSERT INTO `sys_menu` VALUES (2034, '教师证书修改', 2031, 3, '#', '', NULL, 1, 0, 'F', '0', '0', 'system:tTeacherCertificates:edit', '#', 'admin', '2023-08-14 19:26:15', '', NULL, '');
INSERT INTO `sys_menu` VALUES (2035, '教师证书删除', 2031, 4, '#', '', NULL, 1, 0, 'F', '0', '0', 'system:tTeacherCertificates:remove', '#', 'admin', '2023-08-14 19:26:15', '', NULL, '');
INSERT INTO `sys_menu` VALUES (2036, '教师证书导出', 2031, 5, '#', '', NULL, 1, 0, 'F', '0', '0', 'system:tTeacherCertificates:export', '#', 'admin', '2023-08-14 19:26:15', '', NULL, '');
INSERT INTO `sys_menu` VALUES (2037, '教师', 2000, 1, 'tTeacher', 'system/tTeacher/index', NULL, 1, 0, 'C', '0', '0', 'system:tTeacher:list', '#', 'admin', '2023-08-14 19:26:20', '', NULL, '教师菜单');
INSERT INTO `sys_menu` VALUES (2038, '教师查询', 2037, 1, '#', '', NULL, 1, 0, 'F', '0', '0', 'system:tTeacher:query', '#', 'admin', '2023-08-14 19:26:20', '', NULL, '');
INSERT INTO `sys_menu` VALUES (2039, '教师新增', 2037, 2, '#', '', NULL, 1, 0, 'F', '0', '0', 'system:tTeacher:add', '#', 'admin', '2023-08-14 19:26:20', '', NULL, '');
INSERT INTO `sys_menu` VALUES (2040, '教师修改', 2037, 3, '#', '', NULL, 1, 0, 'F', '0', '0', 'system:tTeacher:edit', '#', 'admin', '2023-08-14 19:26:20', '', NULL, '');
INSERT INTO `sys_menu` VALUES (2041, '教师删除', 2037, 4, '#', '', NULL, 1, 0, 'F', '0', '0', 'system:tTeacher:remove', '#', 'admin', '2023-08-14 19:26:20', '', NULL, '');
INSERT INTO `sys_menu` VALUES (2042, '教师导出', 2037, 5, '#', '', NULL, 1, 0, 'F', '0', '0', 'system:tTeacher:export', '#', 'admin', '2023-08-14 19:26:20', '', NULL, '');
INSERT INTO `sys_menu` VALUES (2043, '教师意向教学', 2000, 1, 'tTeachingObjectsAndSubjects', 'system/tTeachingObjectsAndSubjects/index', NULL, 1, 0, 'C', '0', '0', 'system:tTeachingObjectsAndSubjects:list', '#', 'admin', '2023-08-14 19:26:24', '', NULL, '教师意向教学菜单');
INSERT INTO `sys_menu` VALUES (2044, '教师意向教学查询', 2043, 1, '#', '', NULL, 1, 0, 'F', '0', '0', 'system:tTeachingObjectsAndSubjects:query', '#', 'admin', '2023-08-14 19:26:24', '', NULL, '');
INSERT INTO `sys_menu` VALUES (2045, '教师意向教学新增', 2043, 2, '#', '', NULL, 1, 0, 'F', '0', '0', 'system:tTeachingObjectsAndSubjects:add', '#', 'admin', '2023-08-14 19:26:24', '', NULL, '');
INSERT INTO `sys_menu` VALUES (2046, '教师意向教学修改', 2043, 3, '#', '', NULL, 1, 0, 'F', '0', '0', 'system:tTeachingObjectsAndSubjects:edit', '#', 'admin', '2023-08-14 19:26:24', '', NULL, '');
INSERT INTO `sys_menu` VALUES (2047, '教师意向教学删除', 2043, 4, '#', '', NULL, 1, 0, 'F', '0', '0', 'system:tTeachingObjectsAndSubjects:remove', '#', 'admin', '2023-08-14 19:26:24', '', NULL, '');
INSERT INTO `sys_menu` VALUES (2048, '教师意向教学导出', 2043, 5, '#', '', NULL, 1, 0, 'F', '0', '0', 'system:tTeachingObjectsAndSubjects:export', '#', 'admin', '2023-08-14 19:26:24', '', NULL, '');
INSERT INTO `sys_menu` VALUES (2049, '教师可安排时间段', 2000, 1, 'tTeahcerSchedule', 'system/tTeahcerSchedule/index', NULL, 1, 0, 'C', '0', '0', 'system:tTeahcerSchedule:list', '#', 'admin', '2023-08-14 19:26:28', '', NULL, '教师可安排时间段菜单');
INSERT INTO `sys_menu` VALUES (2050, '教师可安排时间段查询', 2049, 1, '#', '', NULL, 1, 0, 'F', '0', '0', 'system:tTeahcerSchedule:query', '#', 'admin', '2023-08-14 19:26:28', '', NULL, '');
INSERT INTO `sys_menu` VALUES (2051, '教师可安排时间段新增', 2049, 2, '#', '', NULL, 1, 0, 'F', '0', '0', 'system:tTeahcerSchedule:add', '#', 'admin', '2023-08-14 19:26:28', '', NULL, '');
INSERT INTO `sys_menu` VALUES (2052, '教师可安排时间段修改', 2049, 3, '#', '', NULL, 1, 0, 'F', '0', '0', 'system:tTeahcerSchedule:edit', '#', 'admin', '2023-08-14 19:26:28', '', NULL, '');
INSERT INTO `sys_menu` VALUES (2053, '教师可安排时间段删除', 2049, 4, '#', '', NULL, 1, 0, 'F', '0', '0', 'system:tTeahcerSchedule:remove', '#', 'admin', '2023-08-14 19:26:28', '', NULL, '');
INSERT INTO `sys_menu` VALUES (2054, '教师可安排时间段导出', 2049, 5, '#', '', NULL, 1, 0, 'F', '0', '0', 'system:tTeahcerSchedule:export', '#', 'admin', '2023-08-14 19:26:28', '', NULL, '');
INSERT INTO `sys_menu` VALUES (2055, '用户', 2000, 1, 'tUser', 'system/tUser/index', NULL, 1, 0, 'C', '0', '0', 'system:tUser:list', '#', 'admin', '2023-08-14 19:26:31', '', NULL, '用户菜单');
INSERT INTO `sys_menu` VALUES (2056, '用户查询', 2055, 1, '#', '', NULL, 1, 0, 'F', '0', '0', 'system:tUser:query', '#', 'admin', '2023-08-14 19:26:31', '', NULL, '');
INSERT INTO `sys_menu` VALUES (2057, '用户新增', 2055, 2, '#', '', NULL, 1, 0, 'F', '0', '0', 'system:tUser:add', '#', 'admin', '2023-08-14 19:26:31', '', NULL, '');
INSERT INTO `sys_menu` VALUES (2058, '用户修改', 2055, 3, '#', '', NULL, 1, 0, 'F', '0', '0', 'system:tUser:edit', '#', 'admin', '2023-08-14 19:26:31', '', NULL, '');
INSERT INTO `sys_menu` VALUES (2059, '用户删除', 2055, 4, '#', '', NULL, 1, 0, 'F', '0', '0', 'system:tUser:remove', '#', 'admin', '2023-08-14 19:26:31', '', NULL, '');
INSERT INTO `sys_menu` VALUES (2060, '用户导出', 2055, 5, '#', '', NULL, 1, 0, 'F', '0', '0', 'system:tUser:export', '#', 'admin', '2023-08-14 19:26:31', '', NULL, '');

-- ----------------------------
-- Table structure for sys_notice
-- ----------------------------
DROP TABLE IF EXISTS `sys_notice`;
CREATE TABLE `sys_notice`  (
  `notice_id` int NOT NULL AUTO_INCREMENT COMMENT '公告ID',
  `notice_title` varchar(50) CHARACTER SET utf8mb4 COLLATE utf8mb4_0900_ai_ci NOT NULL COMMENT '公告标题',
  `notice_type` char(1) CHARACTER SET utf8mb4 COLLATE utf8mb4_0900_ai_ci NOT NULL COMMENT '公告类型（1通知 2公告）',
  `notice_content` longblob NULL COMMENT '公告内容',
  `status` char(1) CHARACTER SET utf8mb4 COLLATE utf8mb4_0900_ai_ci NULL DEFAULT '0' COMMENT '公告状态（0正常 1关闭）',
  `create_by` varchar(64) CHARACTER SET utf8mb4 COLLATE utf8mb4_0900_ai_ci NULL DEFAULT '' COMMENT '创建者',
  `create_time` datetime NULL DEFAULT NULL COMMENT '创建时间',
  `update_by` varchar(64) CHARACTER SET utf8mb4 COLLATE utf8mb4_0900_ai_ci NULL DEFAULT '' COMMENT '更新者',
  `update_time` datetime NULL DEFAULT NULL COMMENT '更新时间',
  `remark` varchar(255) CHARACTER SET utf8mb4 COLLATE utf8mb4_0900_ai_ci NULL DEFAULT NULL COMMENT '备注',
  PRIMARY KEY (`notice_id`) USING BTREE
) ENGINE = InnoDB AUTO_INCREMENT = 10 CHARACTER SET = utf8mb4 COLLATE = utf8mb4_0900_ai_ci COMMENT = '通知公告表' ROW_FORMAT = Dynamic;

-- ----------------------------
-- Records of sys_notice
-- ----------------------------
INSERT INTO `sys_notice` VALUES (1, '温馨提醒：2018-07-01 若依新版本发布啦', '2', 0xE696B0E78988E69CACE58685E5AEB9, '0', 'admin', '2023-08-14 19:15:22', '', NULL, '管理员');
INSERT INTO `sys_notice` VALUES (2, '维护通知：2018-07-01 若依系统凌晨维护', '1', 0xE7BBB4E68AA4E58685E5AEB9, '0', 'admin', '2023-08-14 19:15:22', '', NULL, '管理员');

-- ----------------------------
-- Table structure for sys_oper_log
-- ----------------------------
DROP TABLE IF EXISTS `sys_oper_log`;
CREATE TABLE `sys_oper_log`  (
  `oper_id` bigint NOT NULL AUTO_INCREMENT COMMENT '日志主键',
  `title` varchar(50) CHARACTER SET utf8mb4 COLLATE utf8mb4_0900_ai_ci NULL DEFAULT '' COMMENT '模块标题',
  `business_type` int NULL DEFAULT 0 COMMENT '业务类型（0其它 1新增 2修改 3删除）',
  `method` varchar(100) CHARACTER SET utf8mb4 COLLATE utf8mb4_0900_ai_ci NULL DEFAULT '' COMMENT '方法名称',
  `request_method` varchar(10) CHARACTER SET utf8mb4 COLLATE utf8mb4_0900_ai_ci NULL DEFAULT '' COMMENT '请求方式',
  `operator_type` int NULL DEFAULT 0 COMMENT '操作类别（0其它 1后台用户 2手机端用户）',
  `oper_name` varchar(50) CHARACTER SET utf8mb4 COLLATE utf8mb4_0900_ai_ci NULL DEFAULT '' COMMENT '操作人员',
  `dept_name` varchar(50) CHARACTER SET utf8mb4 COLLATE utf8mb4_0900_ai_ci NULL DEFAULT '' COMMENT '部门名称',
  `oper_url` varchar(255) CHARACTER SET utf8mb4 COLLATE utf8mb4_0900_ai_ci NULL DEFAULT '' COMMENT '请求URL',
  `oper_ip` varchar(128) CHARACTER SET utf8mb4 COLLATE utf8mb4_0900_ai_ci NULL DEFAULT '' COMMENT '主机地址',
  `oper_location` varchar(255) CHARACTER SET utf8mb4 COLLATE utf8mb4_0900_ai_ci NULL DEFAULT '' COMMENT '操作地点',
  `oper_param` varchar(2000) CHARACTER SET utf8mb4 COLLATE utf8mb4_0900_ai_ci NULL DEFAULT '' COMMENT '请求参数',
  `json_result` varchar(2000) CHARACTER SET utf8mb4 COLLATE utf8mb4_0900_ai_ci NULL DEFAULT '' COMMENT '返回参数',
  `status` int NULL DEFAULT 0 COMMENT '操作状态（0正常 1异常）',
  `error_msg` varchar(2000) CHARACTER SET utf8mb4 COLLATE utf8mb4_0900_ai_ci NULL DEFAULT '' COMMENT '错误消息',
  `oper_time` datetime NULL DEFAULT NULL COMMENT '操作时间',
  PRIMARY KEY (`oper_id`) USING BTREE
) ENGINE = InnoDB AUTO_INCREMENT = 100 CHARACTER SET = utf8mb4 COLLATE = utf8mb4_0900_ai_ci COMMENT = '操作日志记录' ROW_FORMAT = Dynamic;

-- ----------------------------
-- Records of sys_oper_log
-- ----------------------------
INSERT INTO `sys_oper_log` VALUES (100, '代码生成', 6, 'com.ruoyi.generator.controller.GenController.importTableSave()', 'POST', 1, 'admin', NULL, '/tool/gen/importTable', '127.0.0.1', '内网IP', 't_subject,t_teaching_objects_and_subjects,t_relation_teahcer_certificates,t_teacher_certificates,t_teahcer_schedule,t_teacher_advantages,t_teacher_advantages_type,t_user,t_teacher,t_student', '{\"msg\":\"操作成功\",\"code\":200}', 0, NULL, '2023-08-14 19:20:55');
INSERT INTO `sys_oper_log` VALUES (101, '代码生成', 2, 'com.ruoyi.generator.controller.GenController.editSave()', 'PUT', 1, 'admin', NULL, '/tool/gen', '127.0.0.1', '内网IP', '{\"businessName\":\"tRelationTeahcerCertificates\",\"className\":\"TRelationTeahcerCertificates\",\"columns\":[{\"capJavaField\":\"Id\",\"columnComment\":\"主键ID\",\"columnId\":1,\"columnName\":\"ID\",\"columnType\":\"int\",\"createBy\":\"admin\",\"createTime\":\"2023-08-14 19:20:54\",\"dictType\":\"\",\"edit\":false,\"htmlType\":\"input\",\"increment\":true,\"insert\":true,\"isIncrement\":\"1\",\"isInsert\":\"1\",\"isPk\":\"1\",\"javaField\":\"id\",\"javaType\":\"Long\",\"list\":false,\"params\":{},\"pk\":true,\"query\":false,\"queryType\":\"EQ\",\"required\":false,\"sort\":1,\"superColumn\":false,\"tableId\":1,\"updateBy\":\"\",\"usableColumn\":false},{\"capJavaField\":\"TeacherCertificates\",\"columnComment\":\"教师基本证件ID\",\"columnId\":2,\"columnName\":\"teacher_certificates\",\"columnType\":\"int\",\"createBy\":\"admin\",\"createTime\":\"2023-08-14 19:20:54\",\"dictType\":\"\",\"edit\":true,\"htmlType\":\"input\",\"increment\":false,\"insert\":true,\"isEdit\":\"1\",\"isIncrement\":\"0\",\"isInsert\":\"1\",\"isList\":\"1\",\"isPk\":\"0\",\"isQuery\":\"1\",\"javaField\":\"teacherCertificates\",\"javaType\":\"Long\",\"list\":true,\"params\":{},\"pk\":false,\"query\":true,\"queryType\":\"EQ\",\"required\":false,\"sort\":2,\"superColumn\":false,\"tableId\":1,\"updateBy\":\"\",\"usableColumn\":false},{\"capJavaField\":\"TeacherId\",\"columnComment\":\"教师ID\",\"columnId\":3,\"columnName\":\"teacher_id\",\"columnType\":\"int\",\"createBy\":\"admin\",\"createTime\":\"2023-08-14 19:20:54\",\"dictType\":\"\",\"edit\":true,\"htmlType\":\"input\",\"increment\":false,\"insert\":true,\"isEdit\":\"1\",\"isIncrement\":\"0\",\"isInsert\":\"1\",\"isList\":\"1\",\"isPk\":\"0\",\"isQuery\":\"1\",\"javaField\":\"teacherId\",\"javaType\":\"Long\",\"list\":true,\"params\":{},\"pk\":false,\"query\":true,\"queryType\":\"EQ\",\"required\":false,\"sort\":3,\"superColumn\":false,\"tableId\":1,\"updateBy\":\"\",\"usableColumn\":false},{\"capJavaField\":\"CertificatesPhoto1\",\"columnComment\":\"证件照1\",\"columnId\":4,\"columnName\":\"certificates_photo_1\",\"columnType\":\"varchar(255)\",\"createBy\":\"admin\",\"createTime\":\"2023-08-14 19:20:54\",\"dictType\":\"\",\"edit\":true,\"htmlType\":\"input\",\"increment\":false,\"insert\":true,\"isEdit\":\"1\",\"isIncrement\":\"0\",\"isInsert\":\"1\",\"isList\":\"1\",\"isPk\":\"0\",\"isQuery\":\"1\"', '{\"msg\":\"操作成功\",\"code\":200}', 0, NULL, '2023-08-14 19:21:21');
INSERT INTO `sys_oper_log` VALUES (102, '菜单管理', 1, 'com.ruoyi.web.controller.system.SysMenuController.add()', 'POST', 1, 'admin', NULL, '/system/menu', '127.0.0.1', '内网IP', '{\"children\":[],\"createBy\":\"admin\",\"icon\":\"excel\",\"isCache\":\"0\",\"isFrame\":\"1\",\"menuName\":\"纯数据管理\",\"menuType\":\"M\",\"orderNum\":1,\"params\":{},\"parentId\":0,\"path\":\"/\",\"status\":\"0\",\"visible\":\"0\"}', '{\"msg\":\"操作成功\",\"code\":200}', 0, NULL, '2023-08-14 19:21:39');
INSERT INTO `sys_oper_log` VALUES (103, '代码生成', 2, 'com.ruoyi.generator.controller.GenController.editSave()', 'PUT', 1, 'admin', NULL, '/tool/gen', '127.0.0.1', '内网IP', '{\"businessName\":\"tRelationTeahcerCertificates\",\"className\":\"TRelationTeahcerCertificates\",\"columns\":[{\"capJavaField\":\"Id\",\"columnComment\":\"主键ID\",\"columnId\":1,\"columnName\":\"ID\",\"columnType\":\"int\",\"createBy\":\"admin\",\"createTime\":\"2023-08-14 19:20:54\",\"dictType\":\"\",\"edit\":false,\"htmlType\":\"input\",\"increment\":true,\"insert\":true,\"isIncrement\":\"1\",\"isInsert\":\"1\",\"isPk\":\"1\",\"javaField\":\"id\",\"javaType\":\"Long\",\"list\":false,\"params\":{},\"pk\":true,\"query\":false,\"queryType\":\"EQ\",\"required\":false,\"sort\":1,\"superColumn\":false,\"tableId\":1,\"updateBy\":\"\",\"updateTime\":\"2023-08-14 19:21:21\",\"usableColumn\":false},{\"capJavaField\":\"TeacherCertificates\",\"columnComment\":\"教师基本证件ID\",\"columnId\":2,\"columnName\":\"teacher_certificates\",\"columnType\":\"int\",\"createBy\":\"admin\",\"createTime\":\"2023-08-14 19:20:54\",\"dictType\":\"\",\"edit\":true,\"htmlType\":\"input\",\"increment\":false,\"insert\":true,\"isEdit\":\"1\",\"isIncrement\":\"0\",\"isInsert\":\"1\",\"isList\":\"1\",\"isPk\":\"0\",\"isQuery\":\"1\",\"javaField\":\"teacherCertificates\",\"javaType\":\"Long\",\"list\":true,\"params\":{},\"pk\":false,\"query\":true,\"queryType\":\"EQ\",\"required\":false,\"sort\":2,\"superColumn\":false,\"tableId\":1,\"updateBy\":\"\",\"updateTime\":\"2023-08-14 19:21:21\",\"usableColumn\":false},{\"capJavaField\":\"TeacherId\",\"columnComment\":\"教师ID\",\"columnId\":3,\"columnName\":\"teacher_id\",\"columnType\":\"int\",\"createBy\":\"admin\",\"createTime\":\"2023-08-14 19:20:54\",\"dictType\":\"\",\"edit\":true,\"htmlType\":\"input\",\"increment\":false,\"insert\":true,\"isEdit\":\"1\",\"isIncrement\":\"0\",\"isInsert\":\"1\",\"isList\":\"1\",\"isPk\":\"0\",\"isQuery\":\"1\",\"javaField\":\"teacherId\",\"javaType\":\"Long\",\"list\":true,\"params\":{},\"pk\":false,\"query\":true,\"queryType\":\"EQ\",\"required\":false,\"sort\":3,\"superColumn\":false,\"tableId\":1,\"updateBy\":\"\",\"updateTime\":\"2023-08-14 19:21:21\",\"usableColumn\":false},{\"capJavaField\":\"CertificatesPhoto1\",\"columnComment\":\"证件照1\",\"columnId\":4,\"columnName\":\"certificates_photo_1\",\"columnType\":\"varchar(255)\",\"createBy\":\"admin\",\"createTime\":\"2023-08-14 19:20:54\",\"dictType\":\"\",\"edit\":true,\"htmlType\":\"input\",\"increment', '{\"msg\":\"操作成功\",\"code\":200}', 0, NULL, '2023-08-14 19:21:50');
INSERT INTO `sys_oper_log` VALUES (104, '代码生成', 2, 'com.ruoyi.generator.controller.GenController.editSave()', 'PUT', 1, 'admin', NULL, '/tool/gen', '127.0.0.1', '内网IP', '{\"businessName\":\"tStudent\",\"className\":\"TStudent\",\"columns\":[{\"capJavaField\":\"Id\",\"columnComment\":\"主键ID\",\"columnId\":16,\"columnName\":\"ID\",\"columnType\":\"int\",\"createBy\":\"admin\",\"createTime\":\"2023-08-14 19:20:54\",\"dictType\":\"\",\"edit\":false,\"htmlType\":\"input\",\"increment\":true,\"insert\":true,\"isIncrement\":\"1\",\"isInsert\":\"1\",\"isPk\":\"1\",\"javaField\":\"id\",\"javaType\":\"Long\",\"list\":false,\"params\":{},\"pk\":true,\"query\":false,\"queryType\":\"EQ\",\"required\":false,\"sort\":1,\"superColumn\":false,\"tableId\":2,\"updateBy\":\"\",\"usableColumn\":false},{\"capJavaField\":\"UserId\",\"columnComment\":\"用户ID\",\"columnId\":17,\"columnName\":\"user_id\",\"columnType\":\"int\",\"createBy\":\"admin\",\"createTime\":\"2023-08-14 19:20:54\",\"dictType\":\"\",\"edit\":true,\"htmlType\":\"input\",\"increment\":false,\"insert\":true,\"isEdit\":\"1\",\"isIncrement\":\"0\",\"isInsert\":\"1\",\"isList\":\"1\",\"isPk\":\"0\",\"isQuery\":\"1\",\"javaField\":\"userId\",\"javaType\":\"Long\",\"list\":true,\"params\":{},\"pk\":false,\"query\":true,\"queryType\":\"EQ\",\"required\":false,\"sort\":2,\"superColumn\":false,\"tableId\":2,\"updateBy\":\"\",\"usableColumn\":false},{\"capJavaField\":\"StudentCode\",\"columnComment\":\"学号\",\"columnId\":18,\"columnName\":\"student_code\",\"columnType\":\"varchar(255)\",\"createBy\":\"admin\",\"createTime\":\"2023-08-14 19:20:54\",\"dictType\":\"\",\"edit\":true,\"htmlType\":\"input\",\"increment\":false,\"insert\":true,\"isEdit\":\"1\",\"isIncrement\":\"0\",\"isInsert\":\"1\",\"isList\":\"1\",\"isPk\":\"0\",\"isQuery\":\"1\",\"javaField\":\"studentCode\",\"javaType\":\"String\",\"list\":true,\"params\":{},\"pk\":false,\"query\":true,\"queryType\":\"EQ\",\"required\":false,\"sort\":3,\"superColumn\":false,\"tableId\":2,\"updateBy\":\"\",\"usableColumn\":false},{\"capJavaField\":\"StudentName\",\"columnComment\":\"作为学生名字\",\"columnId\":19,\"columnName\":\"student_name\",\"columnType\":\"varchar(255)\",\"createBy\":\"admin\",\"createTime\":\"2023-08-14 19:20:54\",\"dictType\":\"\",\"edit\":true,\"htmlType\":\"input\",\"increment\":false,\"insert\":true,\"isEdit\":\"1\",\"isIncrement\":\"0\",\"isInsert\":\"1\",\"isList\":\"1\",\"isPk\":\"0\",\"isQuery\":\"1\",\"javaField\":\"studentName\",\"javaType\":\"String\",\"list\":true,\"params\":{},\"pk\":f', '{\"msg\":\"操作成功\",\"code\":200}', 0, NULL, '2023-08-14 19:22:24');
INSERT INTO `sys_oper_log` VALUES (105, '代码生成', 2, 'com.ruoyi.generator.controller.GenController.editSave()', 'PUT', 1, 'admin', NULL, '/tool/gen', '127.0.0.1', '内网IP', '{\"businessName\":\"tSubject\",\"className\":\"TSubject\",\"columns\":[{\"capJavaField\":\"Id\",\"columnComment\":\"主键ID\",\"columnId\":32,\"columnName\":\"ID\",\"columnType\":\"int\",\"createBy\":\"admin\",\"createTime\":\"2023-08-14 19:20:54\",\"dictType\":\"\",\"edit\":false,\"htmlType\":\"input\",\"increment\":true,\"insert\":true,\"isIncrement\":\"1\",\"isInsert\":\"1\",\"isPk\":\"1\",\"javaField\":\"id\",\"javaType\":\"Long\",\"list\":false,\"params\":{},\"pk\":true,\"query\":false,\"queryType\":\"EQ\",\"required\":false,\"sort\":1,\"superColumn\":false,\"tableId\":3,\"updateBy\":\"\",\"usableColumn\":false},{\"capJavaField\":\"SubjectName\",\"columnComment\":\"教学科目名\",\"columnId\":33,\"columnName\":\"subject_name\",\"columnType\":\"varchar(255)\",\"createBy\":\"admin\",\"createTime\":\"2023-08-14 19:20:54\",\"dictType\":\"\",\"edit\":true,\"htmlType\":\"input\",\"increment\":false,\"insert\":true,\"isEdit\":\"1\",\"isIncrement\":\"0\",\"isInsert\":\"1\",\"isList\":\"1\",\"isPk\":\"0\",\"isQuery\":\"1\",\"javaField\":\"subjectName\",\"javaType\":\"String\",\"list\":true,\"params\":{},\"pk\":false,\"query\":true,\"queryType\":\"LIKE\",\"required\":false,\"sort\":2,\"superColumn\":false,\"tableId\":3,\"updateBy\":\"\",\"usableColumn\":false},{\"capJavaField\":\"SubjectIcon\",\"columnComment\":\"学科图标\",\"columnId\":34,\"columnName\":\"subject_icon\",\"columnType\":\"varchar(255)\",\"createBy\":\"admin\",\"createTime\":\"2023-08-14 19:20:54\",\"dictType\":\"\",\"edit\":true,\"htmlType\":\"input\",\"increment\":false,\"insert\":true,\"isEdit\":\"1\",\"isIncrement\":\"0\",\"isInsert\":\"1\",\"isList\":\"1\",\"isPk\":\"0\",\"isQuery\":\"1\",\"javaField\":\"subjectIcon\",\"javaType\":\"String\",\"list\":true,\"params\":{},\"pk\":false,\"query\":true,\"queryType\":\"EQ\",\"required\":false,\"sort\":3,\"superColumn\":false,\"tableId\":3,\"updateBy\":\"\",\"usableColumn\":false},{\"capJavaField\":\"SubjectSort\",\"columnComment\":\"学科排序代码\",\"columnId\":35,\"columnName\":\"subject_sort\",\"columnType\":\"int\",\"createBy\":\"admin\",\"createTime\":\"2023-08-14 19:20:54\",\"dictType\":\"\",\"edit\":true,\"htmlType\":\"input\",\"increment\":false,\"insert\":true,\"isEdit\":\"1\",\"isIncrement\":\"0\",\"isInsert\":\"1\",\"isList\":\"1\",\"isPk\":\"0\",\"isQuery\":\"1\",\"javaField\":\"subjectSort\",\"javaType\":\"Long\",\"list\":tru', '{\"msg\":\"操作成功\",\"code\":200}', 0, NULL, '2023-08-14 19:22:36');
INSERT INTO `sys_oper_log` VALUES (106, '代码生成', 2, 'com.ruoyi.generator.controller.GenController.editSave()', 'PUT', 1, 'admin', NULL, '/tool/gen', '127.0.0.1', '内网IP', '{\"businessName\":\"tTeacher\",\"className\":\"TTeacher\",\"columns\":[{\"capJavaField\":\"Id\",\"columnComment\":\"主键ID\",\"columnId\":43,\"columnName\":\"ID\",\"columnType\":\"int\",\"createBy\":\"admin\",\"createTime\":\"2023-08-14 19:20:54\",\"dictType\":\"\",\"edit\":false,\"htmlType\":\"input\",\"increment\":true,\"insert\":true,\"isIncrement\":\"1\",\"isInsert\":\"1\",\"isPk\":\"1\",\"javaField\":\"id\",\"javaType\":\"Long\",\"list\":false,\"params\":{},\"pk\":true,\"query\":false,\"queryType\":\"EQ\",\"required\":false,\"sort\":1,\"superColumn\":false,\"tableId\":4,\"updateBy\":\"\",\"usableColumn\":false},{\"capJavaField\":\"UserId\",\"columnComment\":\"用户ID\",\"columnId\":44,\"columnName\":\"user_id\",\"columnType\":\"varchar(255)\",\"createBy\":\"admin\",\"createTime\":\"2023-08-14 19:20:54\",\"dictType\":\"\",\"edit\":true,\"htmlType\":\"input\",\"increment\":false,\"insert\":true,\"isEdit\":\"1\",\"isIncrement\":\"0\",\"isInsert\":\"1\",\"isList\":\"1\",\"isPk\":\"0\",\"isQuery\":\"1\",\"javaField\":\"userId\",\"javaType\":\"String\",\"list\":true,\"params\":{},\"pk\":false,\"query\":true,\"queryType\":\"EQ\",\"required\":false,\"sort\":2,\"superColumn\":false,\"tableId\":4,\"updateBy\":\"\",\"usableColumn\":false},{\"capJavaField\":\"TeacherName\",\"columnComment\":\"作为教师时的教师名\",\"columnId\":45,\"columnName\":\"teacher_name\",\"columnType\":\"varchar(255)\",\"createBy\":\"admin\",\"createTime\":\"2023-08-14 19:20:54\",\"dictType\":\"\",\"edit\":true,\"htmlType\":\"input\",\"increment\":false,\"insert\":true,\"isEdit\":\"1\",\"isIncrement\":\"0\",\"isInsert\":\"1\",\"isList\":\"1\",\"isPk\":\"0\",\"isQuery\":\"1\",\"javaField\":\"teacherName\",\"javaType\":\"String\",\"list\":true,\"params\":{},\"pk\":false,\"query\":true,\"queryType\":\"LIKE\",\"required\":false,\"sort\":3,\"superColumn\":false,\"tableId\":4,\"updateBy\":\"\",\"usableColumn\":false},{\"capJavaField\":\"TeacherCode\",\"columnComment\":\"教师编号\",\"columnId\":46,\"columnName\":\"teacher_code\",\"columnType\":\"varchar(255)\",\"createBy\":\"admin\",\"createTime\":\"2023-08-14 19:20:54\",\"dictType\":\"\",\"edit\":true,\"htmlType\":\"input\",\"increment\":false,\"insert\":true,\"isEdit\":\"1\",\"isIncrement\":\"0\",\"isInsert\":\"1\",\"isList\":\"1\",\"isPk\":\"0\",\"isQuery\":\"1\",\"javaField\":\"teacherCode\",\"javaType\":\"String\",\"list\":true,', '{\"msg\":\"操作成功\",\"code\":200}', 0, NULL, '2023-08-14 19:22:47');
INSERT INTO `sys_oper_log` VALUES (107, '代码生成', 2, 'com.ruoyi.generator.controller.GenController.editSave()', 'PUT', 1, 'admin', NULL, '/tool/gen', '127.0.0.1', '内网IP', '{\"businessName\":\"tTeacherAdvantages\",\"className\":\"TTeacherAdvantages\",\"columns\":[{\"capJavaField\":\"Id\",\"columnComment\":\"主键ID\",\"columnId\":68,\"columnName\":\"ID\",\"columnType\":\"int\",\"createBy\":\"admin\",\"createTime\":\"2023-08-14 19:20:55\",\"dictType\":\"\",\"edit\":false,\"htmlType\":\"input\",\"increment\":true,\"insert\":true,\"isIncrement\":\"1\",\"isInsert\":\"1\",\"isPk\":\"1\",\"javaField\":\"id\",\"javaType\":\"Long\",\"list\":false,\"params\":{},\"pk\":true,\"query\":false,\"queryType\":\"EQ\",\"required\":false,\"sort\":1,\"superColumn\":false,\"tableId\":5,\"updateBy\":\"\",\"usableColumn\":false},{\"capJavaField\":\"PersonalAdvantagesTypeId\",\"columnComment\":\"个人优势分类ID\",\"columnId\":69,\"columnName\":\"personal_advantages_type_id\",\"columnType\":\"int\",\"createBy\":\"admin\",\"createTime\":\"2023-08-14 19:20:55\",\"dictType\":\"\",\"edit\":true,\"htmlType\":\"input\",\"increment\":false,\"insert\":true,\"isEdit\":\"1\",\"isIncrement\":\"0\",\"isInsert\":\"1\",\"isList\":\"1\",\"isPk\":\"0\",\"isQuery\":\"1\",\"javaField\":\"personalAdvantagesTypeId\",\"javaType\":\"Long\",\"list\":true,\"params\":{},\"pk\":false,\"query\":true,\"queryType\":\"EQ\",\"required\":false,\"sort\":2,\"superColumn\":false,\"tableId\":5,\"updateBy\":\"\",\"usableColumn\":false},{\"capJavaField\":\"AdvantagesRemark\",\"columnComment\":\"优势详情\",\"columnId\":70,\"columnName\":\"advantages_remark\",\"columnType\":\"varchar(255)\",\"createBy\":\"admin\",\"createTime\":\"2023-08-14 19:20:55\",\"dictType\":\"\",\"edit\":true,\"htmlType\":\"input\",\"increment\":false,\"insert\":true,\"isEdit\":\"1\",\"isIncrement\":\"0\",\"isInsert\":\"1\",\"isList\":\"1\",\"isPk\":\"0\",\"isQuery\":\"1\",\"javaField\":\"advantagesRemark\",\"javaType\":\"String\",\"list\":true,\"params\":{},\"pk\":false,\"query\":true,\"queryType\":\"EQ\",\"required\":false,\"sort\":3,\"superColumn\":false,\"tableId\":5,\"updateBy\":\"\",\"usableColumn\":false},{\"capJavaField\":\"CreatedBy\",\"columnComment\":\"创建人\",\"columnId\":71,\"columnName\":\"CREATED_BY\",\"columnType\":\"int\",\"createBy\":\"admin\",\"createTime\":\"2023-08-14 19:20:55\",\"dictType\":\"\",\"edit\":true,\"htmlType\":\"input\",\"increment\":false,\"insert\":true,\"isEdit\":\"1\",\"isIncrement\":\"0\",\"isInsert\":\"1\",\"isList\":\"1\",\"isPk\":\"0\",\"isQuery\"', '{\"msg\":\"操作成功\",\"code\":200}', 0, NULL, '2023-08-14 19:22:59');
INSERT INTO `sys_oper_log` VALUES (108, '代码生成', 2, 'com.ruoyi.generator.controller.GenController.editSave()', 'PUT', 1, 'admin', NULL, '/tool/gen', '127.0.0.1', '内网IP', '{\"businessName\":\"tRelationTeahcerCertificates\",\"className\":\"TRelationTeahcerCertificates\",\"columns\":[{\"capJavaField\":\"Id\",\"columnComment\":\"主键ID\",\"columnId\":1,\"columnName\":\"ID\",\"columnType\":\"int\",\"createBy\":\"admin\",\"createTime\":\"2023-08-14 19:20:54\",\"dictType\":\"\",\"edit\":false,\"htmlType\":\"input\",\"increment\":true,\"insert\":false,\"isIncrement\":\"1\",\"isPk\":\"1\",\"javaField\":\"id\",\"javaType\":\"Long\",\"list\":false,\"params\":{},\"pk\":true,\"query\":false,\"queryType\":\"EQ\",\"required\":false,\"sort\":1,\"superColumn\":false,\"tableId\":1,\"updateBy\":\"\",\"updateTime\":\"2023-08-14 19:21:50\",\"usableColumn\":false},{\"capJavaField\":\"TeacherCertificates\",\"columnComment\":\"教师基本证件ID\",\"columnId\":2,\"columnName\":\"teacher_certificates\",\"columnType\":\"int\",\"createBy\":\"admin\",\"createTime\":\"2023-08-14 19:20:54\",\"dictType\":\"\",\"edit\":true,\"htmlType\":\"input\",\"increment\":false,\"insert\":true,\"isEdit\":\"1\",\"isIncrement\":\"0\",\"isInsert\":\"1\",\"isList\":\"1\",\"isPk\":\"0\",\"isQuery\":\"1\",\"javaField\":\"teacherCertificates\",\"javaType\":\"Long\",\"list\":true,\"params\":{},\"pk\":false,\"query\":true,\"queryType\":\"EQ\",\"required\":false,\"sort\":2,\"superColumn\":false,\"tableId\":1,\"updateBy\":\"\",\"updateTime\":\"2023-08-14 19:21:50\",\"usableColumn\":false},{\"capJavaField\":\"TeacherId\",\"columnComment\":\"教师ID\",\"columnId\":3,\"columnName\":\"teacher_id\",\"columnType\":\"int\",\"createBy\":\"admin\",\"createTime\":\"2023-08-14 19:20:54\",\"dictType\":\"\",\"edit\":true,\"htmlType\":\"input\",\"increment\":false,\"insert\":true,\"isEdit\":\"1\",\"isIncrement\":\"0\",\"isInsert\":\"1\",\"isList\":\"1\",\"isPk\":\"0\",\"isQuery\":\"1\",\"javaField\":\"teacherId\",\"javaType\":\"Long\",\"list\":true,\"params\":{},\"pk\":false,\"query\":true,\"queryType\":\"EQ\",\"required\":false,\"sort\":3,\"superColumn\":false,\"tableId\":1,\"updateBy\":\"\",\"updateTime\":\"2023-08-14 19:21:50\",\"usableColumn\":false},{\"capJavaField\":\"CertificatesPhoto1\",\"columnComment\":\"证件照1\",\"columnId\":4,\"columnName\":\"certificates_photo_1\",\"columnType\":\"varchar(255)\",\"createBy\":\"admin\",\"createTime\":\"2023-08-14 19:20:54\",\"dictType\":\"\",\"edit\":true,\"htmlType\":\"input\",\"increment\":false,\"inser', '{\"msg\":\"操作成功\",\"code\":200}', 0, NULL, '2023-08-14 19:23:07');
INSERT INTO `sys_oper_log` VALUES (109, '代码生成', 2, 'com.ruoyi.generator.controller.GenController.editSave()', 'PUT', 1, 'admin', NULL, '/tool/gen', '127.0.0.1', '内网IP', '{\"businessName\":\"tStudent\",\"className\":\"TStudent\",\"columns\":[{\"capJavaField\":\"Id\",\"columnComment\":\"主键ID\",\"columnId\":16,\"columnName\":\"ID\",\"columnType\":\"int\",\"createBy\":\"admin\",\"createTime\":\"2023-08-14 19:20:54\",\"dictType\":\"\",\"edit\":false,\"htmlType\":\"input\",\"increment\":true,\"insert\":false,\"isIncrement\":\"1\",\"isPk\":\"1\",\"javaField\":\"id\",\"javaType\":\"Long\",\"list\":false,\"params\":{},\"pk\":true,\"query\":false,\"queryType\":\"EQ\",\"required\":false,\"sort\":1,\"superColumn\":false,\"tableId\":2,\"updateBy\":\"\",\"updateTime\":\"2023-08-14 19:22:24\",\"usableColumn\":false},{\"capJavaField\":\"UserId\",\"columnComment\":\"用户ID\",\"columnId\":17,\"columnName\":\"user_id\",\"columnType\":\"int\",\"createBy\":\"admin\",\"createTime\":\"2023-08-14 19:20:54\",\"dictType\":\"\",\"edit\":true,\"htmlType\":\"input\",\"increment\":false,\"insert\":true,\"isEdit\":\"1\",\"isIncrement\":\"0\",\"isInsert\":\"1\",\"isList\":\"1\",\"isPk\":\"0\",\"isQuery\":\"1\",\"javaField\":\"userId\",\"javaType\":\"Long\",\"list\":true,\"params\":{},\"pk\":false,\"query\":true,\"queryType\":\"EQ\",\"required\":false,\"sort\":2,\"superColumn\":false,\"tableId\":2,\"updateBy\":\"\",\"updateTime\":\"2023-08-14 19:22:24\",\"usableColumn\":false},{\"capJavaField\":\"StudentCode\",\"columnComment\":\"学号\",\"columnId\":18,\"columnName\":\"student_code\",\"columnType\":\"varchar(255)\",\"createBy\":\"admin\",\"createTime\":\"2023-08-14 19:20:54\",\"dictType\":\"\",\"edit\":true,\"htmlType\":\"input\",\"increment\":false,\"insert\":true,\"isEdit\":\"1\",\"isIncrement\":\"0\",\"isInsert\":\"1\",\"isList\":\"1\",\"isPk\":\"0\",\"isQuery\":\"1\",\"javaField\":\"studentCode\",\"javaType\":\"String\",\"list\":true,\"params\":{},\"pk\":false,\"query\":true,\"queryType\":\"EQ\",\"required\":false,\"sort\":3,\"superColumn\":false,\"tableId\":2,\"updateBy\":\"\",\"updateTime\":\"2023-08-14 19:22:24\",\"usableColumn\":false},{\"capJavaField\":\"StudentName\",\"columnComment\":\"作为学生名字\",\"columnId\":19,\"columnName\":\"student_name\",\"columnType\":\"varchar(255)\",\"createBy\":\"admin\",\"createTime\":\"2023-08-14 19:20:54\",\"dictType\":\"\",\"edit\":true,\"htmlType\":\"input\",\"increment\":false,\"insert\":true,\"isEdit\":\"1\",\"isIncrement\":\"0\",\"isInsert\":\"1\",\"isList\":\"1\",\"isPk\":\"0\"', '{\"msg\":\"操作成功\",\"code\":200}', 0, NULL, '2023-08-14 19:23:11');
INSERT INTO `sys_oper_log` VALUES (110, '代码生成', 2, 'com.ruoyi.generator.controller.GenController.editSave()', 'PUT', 1, 'admin', NULL, '/tool/gen', '127.0.0.1', '内网IP', '{\"businessName\":\"tSubject\",\"className\":\"TSubject\",\"columns\":[{\"capJavaField\":\"Id\",\"columnComment\":\"主键ID\",\"columnId\":32,\"columnName\":\"ID\",\"columnType\":\"int\",\"createBy\":\"admin\",\"createTime\":\"2023-08-14 19:20:54\",\"dictType\":\"\",\"edit\":false,\"htmlType\":\"input\",\"increment\":true,\"insert\":false,\"isIncrement\":\"1\",\"isPk\":\"1\",\"javaField\":\"id\",\"javaType\":\"Long\",\"list\":false,\"params\":{},\"pk\":true,\"query\":false,\"queryType\":\"EQ\",\"required\":false,\"sort\":1,\"superColumn\":false,\"tableId\":3,\"updateBy\":\"\",\"updateTime\":\"2023-08-14 19:22:36\",\"usableColumn\":false},{\"capJavaField\":\"SubjectName\",\"columnComment\":\"教学科目名\",\"columnId\":33,\"columnName\":\"subject_name\",\"columnType\":\"varchar(255)\",\"createBy\":\"admin\",\"createTime\":\"2023-08-14 19:20:54\",\"dictType\":\"\",\"edit\":true,\"htmlType\":\"input\",\"increment\":false,\"insert\":true,\"isEdit\":\"1\",\"isIncrement\":\"0\",\"isInsert\":\"1\",\"isList\":\"1\",\"isPk\":\"0\",\"isQuery\":\"1\",\"javaField\":\"subjectName\",\"javaType\":\"String\",\"list\":true,\"params\":{},\"pk\":false,\"query\":true,\"queryType\":\"LIKE\",\"required\":false,\"sort\":2,\"superColumn\":false,\"tableId\":3,\"updateBy\":\"\",\"updateTime\":\"2023-08-14 19:22:36\",\"usableColumn\":false},{\"capJavaField\":\"SubjectIcon\",\"columnComment\":\"学科图标\",\"columnId\":34,\"columnName\":\"subject_icon\",\"columnType\":\"varchar(255)\",\"createBy\":\"admin\",\"createTime\":\"2023-08-14 19:20:54\",\"dictType\":\"\",\"edit\":true,\"htmlType\":\"input\",\"increment\":false,\"insert\":true,\"isEdit\":\"1\",\"isIncrement\":\"0\",\"isInsert\":\"1\",\"isList\":\"1\",\"isPk\":\"0\",\"isQuery\":\"1\",\"javaField\":\"subjectIcon\",\"javaType\":\"String\",\"list\":true,\"params\":{},\"pk\":false,\"query\":true,\"queryType\":\"EQ\",\"required\":false,\"sort\":3,\"superColumn\":false,\"tableId\":3,\"updateBy\":\"\",\"updateTime\":\"2023-08-14 19:22:36\",\"usableColumn\":false},{\"capJavaField\":\"SubjectSort\",\"columnComment\":\"学科排序代码\",\"columnId\":35,\"columnName\":\"subject_sort\",\"columnType\":\"int\",\"createBy\":\"admin\",\"createTime\":\"2023-08-14 19:20:54\",\"dictType\":\"\",\"edit\":true,\"htmlType\":\"input\",\"increment\":false,\"insert\":true,\"isEdit\":\"1\",\"isIncrement\":\"0\",\"isInsert\":\"1\",\"', '{\"msg\":\"操作成功\",\"code\":200}', 0, NULL, '2023-08-14 19:23:16');
INSERT INTO `sys_oper_log` VALUES (111, '代码生成', 2, 'com.ruoyi.generator.controller.GenController.editSave()', 'PUT', 1, 'admin', NULL, '/tool/gen', '127.0.0.1', '内网IP', '{\"businessName\":\"tTeacher\",\"className\":\"TTeacher\",\"columns\":[{\"capJavaField\":\"Id\",\"columnComment\":\"主键ID\",\"columnId\":43,\"columnName\":\"ID\",\"columnType\":\"int\",\"createBy\":\"admin\",\"createTime\":\"2023-08-14 19:20:54\",\"dictType\":\"\",\"edit\":false,\"htmlType\":\"input\",\"increment\":true,\"insert\":false,\"isIncrement\":\"1\",\"isPk\":\"1\",\"javaField\":\"id\",\"javaType\":\"Long\",\"list\":false,\"params\":{},\"pk\":true,\"query\":false,\"queryType\":\"EQ\",\"required\":false,\"sort\":1,\"superColumn\":false,\"tableId\":4,\"updateBy\":\"\",\"updateTime\":\"2023-08-14 19:22:47\",\"usableColumn\":false},{\"capJavaField\":\"UserId\",\"columnComment\":\"用户ID\",\"columnId\":44,\"columnName\":\"user_id\",\"columnType\":\"varchar(255)\",\"createBy\":\"admin\",\"createTime\":\"2023-08-14 19:20:54\",\"dictType\":\"\",\"edit\":true,\"htmlType\":\"input\",\"increment\":false,\"insert\":true,\"isEdit\":\"1\",\"isIncrement\":\"0\",\"isInsert\":\"1\",\"isList\":\"1\",\"isPk\":\"0\",\"isQuery\":\"1\",\"javaField\":\"userId\",\"javaType\":\"String\",\"list\":true,\"params\":{},\"pk\":false,\"query\":true,\"queryType\":\"EQ\",\"required\":false,\"sort\":2,\"superColumn\":false,\"tableId\":4,\"updateBy\":\"\",\"updateTime\":\"2023-08-14 19:22:47\",\"usableColumn\":false},{\"capJavaField\":\"TeacherName\",\"columnComment\":\"作为教师时的教师名\",\"columnId\":45,\"columnName\":\"teacher_name\",\"columnType\":\"varchar(255)\",\"createBy\":\"admin\",\"createTime\":\"2023-08-14 19:20:54\",\"dictType\":\"\",\"edit\":true,\"htmlType\":\"input\",\"increment\":false,\"insert\":true,\"isEdit\":\"1\",\"isIncrement\":\"0\",\"isInsert\":\"1\",\"isList\":\"1\",\"isPk\":\"0\",\"isQuery\":\"1\",\"javaField\":\"teacherName\",\"javaType\":\"String\",\"list\":true,\"params\":{},\"pk\":false,\"query\":true,\"queryType\":\"LIKE\",\"required\":false,\"sort\":3,\"superColumn\":false,\"tableId\":4,\"updateBy\":\"\",\"updateTime\":\"2023-08-14 19:22:47\",\"usableColumn\":false},{\"capJavaField\":\"TeacherCode\",\"columnComment\":\"教师编号\",\"columnId\":46,\"columnName\":\"teacher_code\",\"columnType\":\"varchar(255)\",\"createBy\":\"admin\",\"createTime\":\"2023-08-14 19:20:54\",\"dictType\":\"\",\"edit\":true,\"htmlType\":\"input\",\"increment\":false,\"insert\":true,\"isEdit\":\"1\",\"isIncrement\":\"0\",\"isInsert\":\"1\",\"isLi', '{\"msg\":\"操作成功\",\"code\":200}', 0, NULL, '2023-08-14 19:23:22');
INSERT INTO `sys_oper_log` VALUES (112, '代码生成', 2, 'com.ruoyi.generator.controller.GenController.editSave()', 'PUT', 1, 'admin', NULL, '/tool/gen', '127.0.0.1', '内网IP', '{\"businessName\":\"tTeacherAdvantages\",\"className\":\"TTeacherAdvantages\",\"columns\":[{\"capJavaField\":\"Id\",\"columnComment\":\"主键ID\",\"columnId\":68,\"columnName\":\"ID\",\"columnType\":\"int\",\"createBy\":\"admin\",\"createTime\":\"2023-08-14 19:20:55\",\"dictType\":\"\",\"edit\":false,\"htmlType\":\"input\",\"increment\":true,\"insert\":false,\"isIncrement\":\"1\",\"isPk\":\"1\",\"javaField\":\"id\",\"javaType\":\"Long\",\"list\":false,\"params\":{},\"pk\":true,\"query\":false,\"queryType\":\"EQ\",\"required\":false,\"sort\":1,\"superColumn\":false,\"tableId\":5,\"updateBy\":\"\",\"updateTime\":\"2023-08-14 19:22:59\",\"usableColumn\":false},{\"capJavaField\":\"PersonalAdvantagesTypeId\",\"columnComment\":\"个人优势分类ID\",\"columnId\":69,\"columnName\":\"personal_advantages_type_id\",\"columnType\":\"int\",\"createBy\":\"admin\",\"createTime\":\"2023-08-14 19:20:55\",\"dictType\":\"\",\"edit\":true,\"htmlType\":\"input\",\"increment\":false,\"insert\":true,\"isEdit\":\"1\",\"isIncrement\":\"0\",\"isInsert\":\"1\",\"isList\":\"1\",\"isPk\":\"0\",\"isQuery\":\"1\",\"javaField\":\"personalAdvantagesTypeId\",\"javaType\":\"Long\",\"list\":true,\"params\":{},\"pk\":false,\"query\":true,\"queryType\":\"EQ\",\"required\":false,\"sort\":2,\"superColumn\":false,\"tableId\":5,\"updateBy\":\"\",\"updateTime\":\"2023-08-14 19:22:59\",\"usableColumn\":false},{\"capJavaField\":\"AdvantagesRemark\",\"columnComment\":\"优势详情\",\"columnId\":70,\"columnName\":\"advantages_remark\",\"columnType\":\"varchar(255)\",\"createBy\":\"admin\",\"createTime\":\"2023-08-14 19:20:55\",\"dictType\":\"\",\"edit\":true,\"htmlType\":\"input\",\"increment\":false,\"insert\":true,\"isEdit\":\"1\",\"isIncrement\":\"0\",\"isInsert\":\"1\",\"isList\":\"1\",\"isPk\":\"0\",\"isQuery\":\"1\",\"javaField\":\"advantagesRemark\",\"javaType\":\"String\",\"list\":true,\"params\":{},\"pk\":false,\"query\":true,\"queryType\":\"EQ\",\"required\":false,\"sort\":3,\"superColumn\":false,\"tableId\":5,\"updateBy\":\"\",\"updateTime\":\"2023-08-14 19:22:59\",\"usableColumn\":false},{\"capJavaField\":\"CreatedBy\",\"columnComment\":\"创建人\",\"columnId\":71,\"columnName\":\"CREATED_BY\",\"columnType\":\"int\",\"createBy\":\"admin\",\"createTime\":\"2023-08-14 19:20:55\",\"dictType\":\"\",\"edit\":true,\"htmlType\":\"input\",\"increment\":false,\"i', '{\"msg\":\"操作成功\",\"code\":200}', 0, NULL, '2023-08-14 19:23:27');
INSERT INTO `sys_oper_log` VALUES (113, '代码生成', 2, 'com.ruoyi.generator.controller.GenController.editSave()', 'PUT', 1, 'admin', NULL, '/tool/gen', '127.0.0.1', '内网IP', '{\"businessName\":\"tTeacherAdvantagesType\",\"className\":\"TTeacherAdvantagesType\",\"columns\":[{\"capJavaField\":\"Id\",\"columnComment\":\"主键ID\",\"columnId\":78,\"columnName\":\"ID\",\"columnType\":\"int\",\"createBy\":\"admin\",\"createTime\":\"2023-08-14 19:20:55\",\"dictType\":\"\",\"edit\":false,\"htmlType\":\"input\",\"increment\":true,\"insert\":false,\"isIncrement\":\"1\",\"isPk\":\"1\",\"javaField\":\"id\",\"javaType\":\"Long\",\"list\":false,\"params\":{},\"pk\":true,\"query\":false,\"queryType\":\"EQ\",\"required\":false,\"sort\":1,\"superColumn\":false,\"tableId\":6,\"updateBy\":\"\",\"usableColumn\":false},{\"capJavaField\":\"PersonalAdvantages\",\"columnComment\":\"个人优势\",\"columnId\":79,\"columnName\":\"personal_advantages\",\"columnType\":\"varchar(255)\",\"createBy\":\"admin\",\"createTime\":\"2023-08-14 19:20:55\",\"dictType\":\"\",\"edit\":true,\"htmlType\":\"input\",\"increment\":false,\"insert\":true,\"isEdit\":\"1\",\"isIncrement\":\"0\",\"isInsert\":\"1\",\"isList\":\"1\",\"isPk\":\"0\",\"isQuery\":\"1\",\"javaField\":\"personalAdvantages\",\"javaType\":\"String\",\"list\":true,\"params\":{},\"pk\":false,\"query\":true,\"queryType\":\"EQ\",\"required\":false,\"sort\":2,\"superColumn\":false,\"tableId\":6,\"updateBy\":\"\",\"usableColumn\":false},{\"capJavaField\":\"CreatedBy\",\"columnComment\":\"创建人\",\"columnId\":80,\"columnName\":\"CREATED_BY\",\"columnType\":\"int\",\"createBy\":\"admin\",\"createTime\":\"2023-08-14 19:20:55\",\"dictType\":\"\",\"edit\":true,\"htmlType\":\"input\",\"increment\":false,\"insert\":true,\"isEdit\":\"1\",\"isIncrement\":\"0\",\"isInsert\":\"1\",\"isList\":\"1\",\"isPk\":\"0\",\"isQuery\":\"1\",\"javaField\":\"createdBy\",\"javaType\":\"Long\",\"list\":true,\"params\":{},\"pk\":false,\"query\":true,\"queryType\":\"EQ\",\"required\":false,\"sort\":3,\"superColumn\":false,\"tableId\":6,\"updateBy\":\"\",\"usableColumn\":false},{\"capJavaField\":\"CreatedTime\",\"columnComment\":\"创建时间\",\"columnId\":81,\"columnName\":\"CREATED_TIME\",\"columnType\":\"datetime\",\"createBy\":\"admin\",\"createTime\":\"2023-08-14 19:20:55\",\"dictType\":\"\",\"edit\":true,\"htmlType\":\"datetime\",\"increment\":false,\"insert\":true,\"isEdit\":\"1\",\"isIncrement\":\"0\",\"isInsert\":\"1\",\"isList\":\"1\",\"isPk\":\"0\",\"isQuery\":\"1\",\"javaField\":\"createdTime\",\"javaTyp', '{\"msg\":\"操作成功\",\"code\":200}', 0, NULL, '2023-08-14 19:23:42');
INSERT INTO `sys_oper_log` VALUES (114, '代码生成', 2, 'com.ruoyi.generator.controller.GenController.editSave()', 'PUT', 1, 'admin', NULL, '/tool/gen', '127.0.0.1', '内网IP', '{\"businessName\":\"tTeacherCertificates\",\"className\":\"TTeacherCertificates\",\"columns\":[{\"capJavaField\":\"Id\",\"columnComment\":\"主键ID\",\"columnId\":87,\"columnName\":\"ID\",\"columnType\":\"int\",\"createBy\":\"admin\",\"createTime\":\"2023-08-14 19:20:55\",\"dictType\":\"\",\"edit\":false,\"htmlType\":\"input\",\"increment\":true,\"insert\":false,\"isIncrement\":\"1\",\"isPk\":\"1\",\"javaField\":\"id\",\"javaType\":\"Long\",\"list\":false,\"params\":{},\"pk\":true,\"query\":false,\"queryType\":\"EQ\",\"required\":false,\"sort\":1,\"superColumn\":false,\"tableId\":7,\"updateBy\":\"\",\"usableColumn\":false},{\"capJavaField\":\"CertificatesName\",\"columnComment\":\"证书名\",\"columnId\":88,\"columnName\":\"certificates_name\",\"columnType\":\"varchar(255)\",\"createBy\":\"admin\",\"createTime\":\"2023-08-14 19:20:55\",\"dictType\":\"\",\"edit\":true,\"htmlType\":\"input\",\"increment\":false,\"insert\":true,\"isEdit\":\"1\",\"isIncrement\":\"0\",\"isInsert\":\"1\",\"isList\":\"1\",\"isPk\":\"0\",\"isQuery\":\"1\",\"javaField\":\"certificatesName\",\"javaType\":\"String\",\"list\":true,\"params\":{},\"pk\":false,\"query\":true,\"queryType\":\"LIKE\",\"required\":false,\"sort\":2,\"superColumn\":false,\"tableId\":7,\"updateBy\":\"\",\"usableColumn\":false},{\"capJavaField\":\"CertificatesRemark\",\"columnComment\":\"证书备注\",\"columnId\":89,\"columnName\":\"certificates_remark\",\"columnType\":\"varchar(255)\",\"createBy\":\"admin\",\"createTime\":\"2023-08-14 19:20:55\",\"dictType\":\"\",\"edit\":true,\"htmlType\":\"input\",\"increment\":false,\"insert\":true,\"isEdit\":\"1\",\"isIncrement\":\"0\",\"isInsert\":\"1\",\"isList\":\"1\",\"isPk\":\"0\",\"isQuery\":\"1\",\"javaField\":\"certificatesRemark\",\"javaType\":\"String\",\"list\":true,\"params\":{},\"pk\":false,\"query\":true,\"queryType\":\"EQ\",\"required\":false,\"sort\":3,\"superColumn\":false,\"tableId\":7,\"updateBy\":\"\",\"usableColumn\":false},{\"capJavaField\":\"CreatedBy\",\"columnComment\":\"创建人\",\"columnId\":90,\"columnName\":\"CREATED_BY\",\"columnType\":\"int\",\"createBy\":\"admin\",\"createTime\":\"2023-08-14 19:20:55\",\"dictType\":\"\",\"edit\":true,\"htmlType\":\"input\",\"increment\":false,\"insert\":true,\"isEdit\":\"1\",\"isIncrement\":\"0\",\"isInsert\":\"1\",\"isList\":\"1\",\"isPk\":\"0\",\"isQuery\":\"1\",\"javaField\":\"crea', '{\"msg\":\"操作成功\",\"code\":200}', 0, NULL, '2023-08-14 19:23:56');
INSERT INTO `sys_oper_log` VALUES (115, '代码生成', 2, 'com.ruoyi.generator.controller.GenController.editSave()', 'PUT', 1, 'admin', NULL, '/tool/gen', '127.0.0.1', '内网IP', '{\"businessName\":\"tTeachingObjectsAndSubjects\",\"className\":\"TTeachingObjectsAndSubjects\",\"columns\":[{\"capJavaField\":\"Id\",\"columnComment\":\"主键ID\",\"columnId\":97,\"columnName\":\"ID\",\"columnType\":\"int\",\"createBy\":\"admin\",\"createTime\":\"2023-08-14 19:20:55\",\"dictType\":\"\",\"edit\":false,\"htmlType\":\"input\",\"increment\":true,\"insert\":false,\"isIncrement\":\"1\",\"isPk\":\"1\",\"javaField\":\"id\",\"javaType\":\"Long\",\"list\":false,\"params\":{},\"pk\":true,\"query\":false,\"queryType\":\"EQ\",\"required\":false,\"sort\":1,\"superColumn\":false,\"tableId\":8,\"updateBy\":\"\",\"usableColumn\":false},{\"capJavaField\":\"TeacherId\",\"columnComment\":\"教师ID\",\"columnId\":98,\"columnName\":\"teacher_id\",\"columnType\":\"int\",\"createBy\":\"admin\",\"createTime\":\"2023-08-14 19:20:55\",\"dictType\":\"\",\"edit\":true,\"htmlType\":\"input\",\"increment\":false,\"insert\":true,\"isEdit\":\"1\",\"isIncrement\":\"0\",\"isInsert\":\"1\",\"isList\":\"1\",\"isPk\":\"0\",\"isQuery\":\"1\",\"javaField\":\"teacherId\",\"javaType\":\"Long\",\"list\":true,\"params\":{},\"pk\":false,\"query\":true,\"queryType\":\"EQ\",\"required\":false,\"sort\":2,\"superColumn\":false,\"tableId\":8,\"updateBy\":\"\",\"usableColumn\":false},{\"capJavaField\":\"TeachingYear\",\"columnComment\":\"教学年段\",\"columnId\":99,\"columnName\":\"teaching_year\",\"columnType\":\"varchar(255)\",\"createBy\":\"admin\",\"createTime\":\"2023-08-14 19:20:55\",\"dictType\":\"\",\"edit\":true,\"htmlType\":\"input\",\"increment\":false,\"insert\":true,\"isEdit\":\"1\",\"isIncrement\":\"0\",\"isInsert\":\"1\",\"isList\":\"1\",\"isPk\":\"0\",\"isQuery\":\"1\",\"javaField\":\"teachingYear\",\"javaType\":\"String\",\"list\":true,\"params\":{},\"pk\":false,\"query\":true,\"queryType\":\"EQ\",\"required\":false,\"sort\":3,\"superColumn\":false,\"tableId\":8,\"updateBy\":\"\",\"usableColumn\":false},{\"capJavaField\":\"SubjectId\",\"columnComment\":\"教学科目ID\",\"columnId\":100,\"columnName\":\"subject_id\",\"columnType\":\"varchar(255)\",\"createBy\":\"admin\",\"createTime\":\"2023-08-14 19:20:55\",\"dictType\":\"\",\"edit\":true,\"htmlType\":\"input\",\"increment\":false,\"insert\":true,\"isEdit\":\"1\",\"isIncrement\":\"0\",\"isInsert\":\"1\",\"isList\":\"1\",\"isPk\":\"0\",\"isQuery\":\"1\",\"javaField\":\"subjectId\",\"javaType\":\"Strin', '{\"msg\":\"操作成功\",\"code\":200}', 0, NULL, '2023-08-14 19:24:10');
INSERT INTO `sys_oper_log` VALUES (116, '代码生成', 2, 'com.ruoyi.generator.controller.GenController.editSave()', 'PUT', 1, 'admin', NULL, '/tool/gen', '127.0.0.1', '内网IP', '{\"businessName\":\"tTeahcerSchedule\",\"className\":\"TTeahcerSchedule\",\"columns\":[{\"capJavaField\":\"Id\",\"columnComment\":\"主键ID\",\"columnId\":109,\"columnName\":\"ID\",\"columnType\":\"int\",\"createBy\":\"admin\",\"createTime\":\"2023-08-14 19:20:55\",\"dictType\":\"\",\"edit\":false,\"htmlType\":\"input\",\"increment\":true,\"insert\":true,\"isIncrement\":\"1\",\"isInsert\":\"1\",\"isPk\":\"1\",\"javaField\":\"id\",\"javaType\":\"Long\",\"list\":false,\"params\":{},\"pk\":true,\"query\":false,\"queryType\":\"EQ\",\"required\":false,\"sort\":1,\"superColumn\":false,\"tableId\":9,\"updateBy\":\"\",\"usableColumn\":false},{\"capJavaField\":\"ScheduleMonth\",\"columnComment\":\"可安排月份(多个用英文逗号隔开)\",\"columnId\":110,\"columnName\":\"schedule_month\",\"columnType\":\"varchar(255)\",\"createBy\":\"admin\",\"createTime\":\"2023-08-14 19:20:55\",\"dictType\":\"\",\"edit\":true,\"htmlType\":\"input\",\"increment\":false,\"insert\":true,\"isEdit\":\"1\",\"isIncrement\":\"0\",\"isInsert\":\"1\",\"isList\":\"1\",\"isPk\":\"0\",\"isQuery\":\"1\",\"javaField\":\"scheduleMonth\",\"javaType\":\"String\",\"list\":true,\"params\":{},\"pk\":false,\"query\":true,\"queryType\":\"EQ\",\"required\":false,\"sort\":2,\"superColumn\":false,\"tableId\":9,\"updateBy\":\"\",\"usableColumn\":false},{\"capJavaField\":\"ScheduleWeek\",\"columnComment\":\"可安排的星期\",\"columnId\":111,\"columnName\":\"schedule_week\",\"columnType\":\"varchar(255)\",\"createBy\":\"admin\",\"createTime\":\"2023-08-14 19:20:55\",\"dictType\":\"\",\"edit\":true,\"htmlType\":\"input\",\"increment\":false,\"insert\":true,\"isEdit\":\"1\",\"isIncrement\":\"0\",\"isInsert\":\"1\",\"isList\":\"1\",\"isPk\":\"0\",\"isQuery\":\"1\",\"javaField\":\"scheduleWeek\",\"javaType\":\"String\",\"list\":true,\"params\":{},\"pk\":false,\"query\":true,\"queryType\":\"EQ\",\"required\":false,\"sort\":3,\"superColumn\":false,\"tableId\":9,\"updateBy\":\"\",\"usableColumn\":false},{\"capJavaField\":\"ScheduleStartTime\",\"columnComment\":\"开始时间\",\"columnId\":112,\"columnName\":\"schedule_start_time\",\"columnType\":\"datetime\",\"createBy\":\"admin\",\"createTime\":\"2023-08-14 19:20:55\",\"dictType\":\"\",\"edit\":true,\"htmlType\":\"datetime\",\"increment\":false,\"insert\":true,\"isEdit\":\"1\",\"isIncrement\":\"0\",\"isInsert\":\"1\",\"isList\":\"1\",\"isPk\":\"0\",\"isQuery\"', '{\"msg\":\"操作成功\",\"code\":200}', 0, NULL, '2023-08-14 19:24:21');
INSERT INTO `sys_oper_log` VALUES (117, '代码生成', 2, 'com.ruoyi.generator.controller.GenController.editSave()', 'PUT', 1, 'admin', NULL, '/tool/gen', '127.0.0.1', '内网IP', '{\"businessName\":\"tUser\",\"className\":\"TUser\",\"columns\":[{\"capJavaField\":\"Id\",\"columnComment\":\"主键ID\",\"columnId\":121,\"columnName\":\"ID\",\"columnType\":\"int\",\"createBy\":\"admin\",\"createTime\":\"2023-08-14 19:20:55\",\"dictType\":\"\",\"edit\":false,\"htmlType\":\"input\",\"increment\":true,\"insert\":false,\"isIncrement\":\"1\",\"isPk\":\"1\",\"javaField\":\"id\",\"javaType\":\"Long\",\"list\":false,\"params\":{},\"pk\":true,\"query\":false,\"queryType\":\"EQ\",\"required\":false,\"sort\":1,\"superColumn\":false,\"tableId\":10,\"updateBy\":\"\",\"usableColumn\":false},{\"capJavaField\":\"UserName\",\"columnComment\":\"用户名\",\"columnId\":122,\"columnName\":\"user_name\",\"columnType\":\"varchar(255)\",\"createBy\":\"admin\",\"createTime\":\"2023-08-14 19:20:55\",\"dictType\":\"\",\"edit\":true,\"htmlType\":\"input\",\"increment\":false,\"insert\":true,\"isEdit\":\"1\",\"isIncrement\":\"0\",\"isInsert\":\"1\",\"isList\":\"1\",\"isPk\":\"0\",\"isQuery\":\"1\",\"javaField\":\"userName\",\"javaType\":\"String\",\"list\":true,\"params\":{},\"pk\":false,\"query\":true,\"queryType\":\"LIKE\",\"required\":false,\"sort\":2,\"superColumn\":false,\"tableId\":10,\"updateBy\":\"\",\"usableColumn\":false},{\"capJavaField\":\"UserGender\",\"columnComment\":\"性别\",\"columnId\":123,\"columnName\":\"user_gender\",\"columnType\":\"varchar(10)\",\"createBy\":\"admin\",\"createTime\":\"2023-08-14 19:20:55\",\"dictType\":\"\",\"edit\":true,\"htmlType\":\"input\",\"increment\":false,\"insert\":true,\"isEdit\":\"1\",\"isIncrement\":\"0\",\"isInsert\":\"1\",\"isList\":\"1\",\"isPk\":\"0\",\"isQuery\":\"1\",\"javaField\":\"userGender\",\"javaType\":\"String\",\"list\":true,\"params\":{},\"pk\":false,\"query\":true,\"queryType\":\"EQ\",\"required\":false,\"sort\":3,\"superColumn\":false,\"tableId\":10,\"updateBy\":\"\",\"usableColumn\":false},{\"capJavaField\":\"UserPhone\",\"columnComment\":\"手机号\",\"columnId\":124,\"columnName\":\"user_phone\",\"columnType\":\"varchar(255)\",\"createBy\":\"admin\",\"createTime\":\"2023-08-14 19:20:55\",\"dictType\":\"\",\"edit\":true,\"htmlType\":\"input\",\"increment\":false,\"insert\":true,\"isEdit\":\"1\",\"isIncrement\":\"0\",\"isInsert\":\"1\",\"isList\":\"1\",\"isPk\":\"0\",\"isQuery\":\"1\",\"javaField\":\"userPhone\",\"javaType\":\"String\",\"list\":true,\"params\":{},\"pk\":false,\"qu', '{\"msg\":\"操作成功\",\"code\":200}', 0, NULL, '2023-08-14 19:24:37');
INSERT INTO `sys_oper_log` VALUES (118, '代码生成', 8, 'com.ruoyi.generator.controller.GenController.batchGenCode()', 'GET', 1, 'admin', NULL, '/tool/gen/batchGenCode', '127.0.0.1', '内网IP', '{}', NULL, 0, NULL, '2023-08-14 19:25:00');
INSERT INTO `sys_oper_log` VALUES (119, '用户', 1, 'com.ruoyi.system.controller.TUserController.add()', 'POST', 1, 'admin', NULL, '/system/tUser', '127.0.0.1', '内网IP', '{\"id\":1,\"params\":{},\"userName\":\"的撒\"}', '{\"msg\":\"操作成功\",\"code\":200}', 0, NULL, '2023-08-14 19:27:55');
INSERT INTO `sys_oper_log` VALUES (120, '用户', 3, 'com.ruoyi.system.controller.TUserController.remove()', 'DELETE', 1, 'admin', NULL, '/system/tUser/1', '127.0.0.1', '内网IP', '{ids=1}', '{\"msg\":\"操作成功\",\"code\":200}', 0, NULL, '2023-08-14 19:27:58');

-- ----------------------------
-- Table structure for sys_post
-- ----------------------------
DROP TABLE IF EXISTS `sys_post`;
CREATE TABLE `sys_post`  (
  `post_id` bigint NOT NULL AUTO_INCREMENT COMMENT '岗位ID',
  `post_code` varchar(64) CHARACTER SET utf8mb4 COLLATE utf8mb4_0900_ai_ci NOT NULL COMMENT '岗位编码',
  `post_name` varchar(50) CHARACTER SET utf8mb4 COLLATE utf8mb4_0900_ai_ci NOT NULL COMMENT '岗位名称',
  `post_sort` int NOT NULL COMMENT '显示顺序',
  `status` char(1) CHARACTER SET utf8mb4 COLLATE utf8mb4_0900_ai_ci NOT NULL COMMENT '状态（0正常 1停用）',
  `create_by` varchar(64) CHARACTER SET utf8mb4 COLLATE utf8mb4_0900_ai_ci NULL DEFAULT '' COMMENT '创建者',
  `create_time` datetime NULL DEFAULT NULL COMMENT '创建时间',
  `update_by` varchar(64) CHARACTER SET utf8mb4 COLLATE utf8mb4_0900_ai_ci NULL DEFAULT '' COMMENT '更新者',
  `update_time` datetime NULL DEFAULT NULL COMMENT '更新时间',
  `remark` varchar(500) CHARACTER SET utf8mb4 COLLATE utf8mb4_0900_ai_ci NULL DEFAULT NULL COMMENT '备注',
  PRIMARY KEY (`post_id`) USING BTREE
) ENGINE = InnoDB AUTO_INCREMENT = 5 CHARACTER SET = utf8mb4 COLLATE = utf8mb4_0900_ai_ci COMMENT = '岗位信息表' ROW_FORMAT = Dynamic;

-- ----------------------------
-- Records of sys_post
-- ----------------------------
INSERT INTO `sys_post` VALUES (1, 'ceo', '董事长', 1, '0', 'admin', '2023-08-14 19:15:22', '', NULL, '');
INSERT INTO `sys_post` VALUES (2, 'se', '项目经理', 2, '0', 'admin', '2023-08-14 19:15:22', '', NULL, '');
INSERT INTO `sys_post` VALUES (3, 'hr', '人力资源', 3, '0', 'admin', '2023-08-14 19:15:22', '', NULL, '');
INSERT INTO `sys_post` VALUES (4, 'user', '普通员工', 4, '0', 'admin', '2023-08-14 19:15:22', '', NULL, '');

-- ----------------------------
-- Table structure for sys_role
-- ----------------------------
DROP TABLE IF EXISTS `sys_role`;
CREATE TABLE `sys_role`  (
  `role_id` bigint NOT NULL AUTO_INCREMENT COMMENT '角色ID',
  `role_name` varchar(30) CHARACTER SET utf8mb4 COLLATE utf8mb4_0900_ai_ci NOT NULL COMMENT '角色名称',
  `role_key` varchar(100) CHARACTER SET utf8mb4 COLLATE utf8mb4_0900_ai_ci NOT NULL COMMENT '角色权限字符串',
  `role_sort` int NOT NULL COMMENT '显示顺序',
  `data_scope` char(1) CHARACTER SET utf8mb4 COLLATE utf8mb4_0900_ai_ci NULL DEFAULT '1' COMMENT '数据范围（1：全部数据权限 2：自定数据权限 3：本部门数据权限 4：本部门及以下数据权限）',
  `menu_check_strictly` tinyint(1) NULL DEFAULT 1 COMMENT '菜单树选择项是否关联显示',
  `dept_check_strictly` tinyint(1) NULL DEFAULT 1 COMMENT '部门树选择项是否关联显示',
  `status` char(1) CHARACTER SET utf8mb4 COLLATE utf8mb4_0900_ai_ci NOT NULL COMMENT '角色状态（0正常 1停用）',
  `del_flag` char(1) CHARACTER SET utf8mb4 COLLATE utf8mb4_0900_ai_ci NULL DEFAULT '0' COMMENT '删除标志（0代表存在 2代表删除）',
  `create_by` varchar(64) CHARACTER SET utf8mb4 COLLATE utf8mb4_0900_ai_ci NULL DEFAULT '' COMMENT '创建者',
  `create_time` datetime NULL DEFAULT NULL COMMENT '创建时间',
  `update_by` varchar(64) CHARACTER SET utf8mb4 COLLATE utf8mb4_0900_ai_ci NULL DEFAULT '' COMMENT '更新者',
  `update_time` datetime NULL DEFAULT NULL COMMENT '更新时间',
  `remark` varchar(500) CHARACTER SET utf8mb4 COLLATE utf8mb4_0900_ai_ci NULL DEFAULT NULL COMMENT '备注',
  PRIMARY KEY (`role_id`) USING BTREE
) ENGINE = InnoDB AUTO_INCREMENT = 100 CHARACTER SET = utf8mb4 COLLATE = utf8mb4_0900_ai_ci COMMENT = '角色信息表' ROW_FORMAT = Dynamic;

-- ----------------------------
-- Records of sys_role
-- ----------------------------
INSERT INTO `sys_role` VALUES (1, '超级管理员', 'admin', 1, '1', 1, 1, '0', '0', 'admin', '2023-08-14 19:15:22', '', NULL, '超级管理员');
INSERT INTO `sys_role` VALUES (2, '普通角色', 'common', 2, '2', 1, 1, '0', '0', 'admin', '2023-08-14 19:15:22', '', NULL, '普通角色');

-- ----------------------------
-- Table structure for sys_role_dept
-- ----------------------------
DROP TABLE IF EXISTS `sys_role_dept`;
CREATE TABLE `sys_role_dept`  (
  `role_id` bigint NOT NULL COMMENT '角色ID',
  `dept_id` bigint NOT NULL COMMENT '部门ID',
  PRIMARY KEY (`role_id`, `dept_id`) USING BTREE
) ENGINE = InnoDB CHARACTER SET = utf8mb4 COLLATE = utf8mb4_0900_ai_ci COMMENT = '角色和部门关联表' ROW_FORMAT = Dynamic;

-- ----------------------------
-- Records of sys_role_dept
-- ----------------------------
INSERT INTO `sys_role_dept` VALUES (2, 100);
INSERT INTO `sys_role_dept` VALUES (2, 101);
INSERT INTO `sys_role_dept` VALUES (2, 105);

-- ----------------------------
-- Table structure for sys_role_menu
-- ----------------------------
DROP TABLE IF EXISTS `sys_role_menu`;
CREATE TABLE `sys_role_menu`  (
  `role_id` bigint NOT NULL COMMENT '角色ID',
  `menu_id` bigint NOT NULL COMMENT '菜单ID',
  PRIMARY KEY (`role_id`, `menu_id`) USING BTREE
) ENGINE = InnoDB CHARACTER SET = utf8mb4 COLLATE = utf8mb4_0900_ai_ci COMMENT = '角色和菜单关联表' ROW_FORMAT = Dynamic;

-- ----------------------------
-- Records of sys_role_menu
-- ----------------------------
INSERT INTO `sys_role_menu` VALUES (2, 1);
INSERT INTO `sys_role_menu` VALUES (2, 2);
INSERT INTO `sys_role_menu` VALUES (2, 3);
INSERT INTO `sys_role_menu` VALUES (2, 4);
INSERT INTO `sys_role_menu` VALUES (2, 100);
INSERT INTO `sys_role_menu` VALUES (2, 101);
INSERT INTO `sys_role_menu` VALUES (2, 102);
INSERT INTO `sys_role_menu` VALUES (2, 103);
INSERT INTO `sys_role_menu` VALUES (2, 104);
INSERT INTO `sys_role_menu` VALUES (2, 105);
INSERT INTO `sys_role_menu` VALUES (2, 106);
INSERT INTO `sys_role_menu` VALUES (2, 107);
INSERT INTO `sys_role_menu` VALUES (2, 108);
INSERT INTO `sys_role_menu` VALUES (2, 109);
INSERT INTO `sys_role_menu` VALUES (2, 110);
INSERT INTO `sys_role_menu` VALUES (2, 111);
INSERT INTO `sys_role_menu` VALUES (2, 112);
INSERT INTO `sys_role_menu` VALUES (2, 113);
INSERT INTO `sys_role_menu` VALUES (2, 114);
INSERT INTO `sys_role_menu` VALUES (2, 115);
INSERT INTO `sys_role_menu` VALUES (2, 116);
INSERT INTO `sys_role_menu` VALUES (2, 117);
INSERT INTO `sys_role_menu` VALUES (2, 500);
INSERT INTO `sys_role_menu` VALUES (2, 501);
INSERT INTO `sys_role_menu` VALUES (2, 1000);
INSERT INTO `sys_role_menu` VALUES (2, 1001);
INSERT INTO `sys_role_menu` VALUES (2, 1002);
INSERT INTO `sys_role_menu` VALUES (2, 1003);
INSERT INTO `sys_role_menu` VALUES (2, 1004);
INSERT INTO `sys_role_menu` VALUES (2, 1005);
INSERT INTO `sys_role_menu` VALUES (2, 1006);
INSERT INTO `sys_role_menu` VALUES (2, 1007);
INSERT INTO `sys_role_menu` VALUES (2, 1008);
INSERT INTO `sys_role_menu` VALUES (2, 1009);
INSERT INTO `sys_role_menu` VALUES (2, 1010);
INSERT INTO `sys_role_menu` VALUES (2, 1011);
INSERT INTO `sys_role_menu` VALUES (2, 1012);
INSERT INTO `sys_role_menu` VALUES (2, 1013);
INSERT INTO `sys_role_menu` VALUES (2, 1014);
INSERT INTO `sys_role_menu` VALUES (2, 1015);
INSERT INTO `sys_role_menu` VALUES (2, 1016);
INSERT INTO `sys_role_menu` VALUES (2, 1017);
INSERT INTO `sys_role_menu` VALUES (2, 1018);
INSERT INTO `sys_role_menu` VALUES (2, 1019);
INSERT INTO `sys_role_menu` VALUES (2, 1020);
INSERT INTO `sys_role_menu` VALUES (2, 1021);
INSERT INTO `sys_role_menu` VALUES (2, 1022);
INSERT INTO `sys_role_menu` VALUES (2, 1023);
INSERT INTO `sys_role_menu` VALUES (2, 1024);
INSERT INTO `sys_role_menu` VALUES (2, 1025);
INSERT INTO `sys_role_menu` VALUES (2, 1026);
INSERT INTO `sys_role_menu` VALUES (2, 1027);
INSERT INTO `sys_role_menu` VALUES (2, 1028);
INSERT INTO `sys_role_menu` VALUES (2, 1029);
INSERT INTO `sys_role_menu` VALUES (2, 1030);
INSERT INTO `sys_role_menu` VALUES (2, 1031);
INSERT INTO `sys_role_menu` VALUES (2, 1032);
INSERT INTO `sys_role_menu` VALUES (2, 1033);
INSERT INTO `sys_role_menu` VALUES (2, 1034);
INSERT INTO `sys_role_menu` VALUES (2, 1035);
INSERT INTO `sys_role_menu` VALUES (2, 1036);
INSERT INTO `sys_role_menu` VALUES (2, 1037);
INSERT INTO `sys_role_menu` VALUES (2, 1038);
INSERT INTO `sys_role_menu` VALUES (2, 1039);
INSERT INTO `sys_role_menu` VALUES (2, 1040);
INSERT INTO `sys_role_menu` VALUES (2, 1041);
INSERT INTO `sys_role_menu` VALUES (2, 1042);
INSERT INTO `sys_role_menu` VALUES (2, 1043);
INSERT INTO `sys_role_menu` VALUES (2, 1044);
INSERT INTO `sys_role_menu` VALUES (2, 1045);
INSERT INTO `sys_role_menu` VALUES (2, 1046);
INSERT INTO `sys_role_menu` VALUES (2, 1047);
INSERT INTO `sys_role_menu` VALUES (2, 1048);
INSERT INTO `sys_role_menu` VALUES (2, 1049);
INSERT INTO `sys_role_menu` VALUES (2, 1050);
INSERT INTO `sys_role_menu` VALUES (2, 1051);
INSERT INTO `sys_role_menu` VALUES (2, 1052);
INSERT INTO `sys_role_menu` VALUES (2, 1053);
INSERT INTO `sys_role_menu` VALUES (2, 1054);
INSERT INTO `sys_role_menu` VALUES (2, 1055);
INSERT INTO `sys_role_menu` VALUES (2, 1056);
INSERT INTO `sys_role_menu` VALUES (2, 1057);
INSERT INTO `sys_role_menu` VALUES (2, 1058);
INSERT INTO `sys_role_menu` VALUES (2, 1059);

-- ----------------------------
-- Table structure for sys_user
-- ----------------------------
DROP TABLE IF EXISTS `sys_user`;
CREATE TABLE `sys_user`  (
  `user_id` bigint NOT NULL AUTO_INCREMENT COMMENT '用户ID',
  `dept_id` bigint NULL DEFAULT NULL COMMENT '部门ID',
  `user_name` varchar(30) CHARACTER SET utf8mb4 COLLATE utf8mb4_0900_ai_ci NOT NULL COMMENT '用户账号',
  `nick_name` varchar(30) CHARACTER SET utf8mb4 COLLATE utf8mb4_0900_ai_ci NOT NULL COMMENT '用户昵称',
  `user_type` varchar(2) CHARACTER SET utf8mb4 COLLATE utf8mb4_0900_ai_ci NULL DEFAULT '00' COMMENT '用户类型（00系统用户）',
  `email` varchar(50) CHARACTER SET utf8mb4 COLLATE utf8mb4_0900_ai_ci NULL DEFAULT '' COMMENT '用户邮箱',
  `phonenumber` varchar(11) CHARACTER SET utf8mb4 COLLATE utf8mb4_0900_ai_ci NULL DEFAULT '' COMMENT '手机号码',
  `sex` char(1) CHARACTER SET utf8mb4 COLLATE utf8mb4_0900_ai_ci NULL DEFAULT '0' COMMENT '用户性别（0男 1女 2未知）',
  `avatar` varchar(100) CHARACTER SET utf8mb4 COLLATE utf8mb4_0900_ai_ci NULL DEFAULT '' COMMENT '头像地址',
  `password` varchar(100) CHARACTER SET utf8mb4 COLLATE utf8mb4_0900_ai_ci NULL DEFAULT '' COMMENT '密码',
  `status` char(1) CHARACTER SET utf8mb4 COLLATE utf8mb4_0900_ai_ci NULL DEFAULT '0' COMMENT '帐号状态（0正常 1停用）',
  `del_flag` char(1) CHARACTER SET utf8mb4 COLLATE utf8mb4_0900_ai_ci NULL DEFAULT '0' COMMENT '删除标志（0代表存在 2代表删除）',
  `login_ip` varchar(128) CHARACTER SET utf8mb4 COLLATE utf8mb4_0900_ai_ci NULL DEFAULT '' COMMENT '最后登录IP',
  `login_date` datetime NULL DEFAULT NULL COMMENT '最后登录时间',
  `create_by` varchar(64) CHARACTER SET utf8mb4 COLLATE utf8mb4_0900_ai_ci NULL DEFAULT '' COMMENT '创建者',
  `create_time` datetime NULL DEFAULT NULL COMMENT '创建时间',
  `update_by` varchar(64) CHARACTER SET utf8mb4 COLLATE utf8mb4_0900_ai_ci NULL DEFAULT '' COMMENT '更新者',
  `update_time` datetime NULL DEFAULT NULL COMMENT '更新时间',
  `remark` varchar(500) CHARACTER SET utf8mb4 COLLATE utf8mb4_0900_ai_ci NULL DEFAULT NULL COMMENT '备注',
  PRIMARY KEY (`user_id`) USING BTREE
) ENGINE = InnoDB AUTO_INCREMENT = 100 CHARACTER SET = utf8mb4 COLLATE = utf8mb4_0900_ai_ci COMMENT = '用户信息表' ROW_FORMAT = Dynamic;

-- ----------------------------
-- Records of sys_user
-- ----------------------------
INSERT INTO `sys_user` VALUES (1, 103, 'admin', '若依', '00', 'ry@163.com', '15888888888', '1', '', '$2a$10$7JB720yubVSZvUI0rEqK/.VqGOZTH.ulu33dHOiBE8ByOhJIrdAu2', '0', '0', '127.0.0.1', '2023-08-14 19:18:13', 'admin', '2023-08-14 19:15:21', '', '2023-08-14 19:18:13', '管理员');
INSERT INTO `sys_user` VALUES (2, 105, 'ry', '若依', '00', 'ry@qq.com', '15666666666', '1', '', '$2a$10$7JB720yubVSZvUI0rEqK/.VqGOZTH.ulu33dHOiBE8ByOhJIrdAu2', '0', '0', '127.0.0.1', '2023-08-14 19:15:21', 'admin', '2023-08-14 19:15:21', '', NULL, '测试员');

-- ----------------------------
-- Table structure for sys_user_post
-- ----------------------------
DROP TABLE IF EXISTS `sys_user_post`;
CREATE TABLE `sys_user_post`  (
  `user_id` bigint NOT NULL COMMENT '用户ID',
  `post_id` bigint NOT NULL COMMENT '岗位ID',
  PRIMARY KEY (`user_id`, `post_id`) USING BTREE
) ENGINE = InnoDB CHARACTER SET = utf8mb4 COLLATE = utf8mb4_0900_ai_ci COMMENT = '用户与岗位关联表' ROW_FORMAT = Dynamic;

-- ----------------------------
-- Records of sys_user_post
-- ----------------------------
INSERT INTO `sys_user_post` VALUES (1, 1);
INSERT INTO `sys_user_post` VALUES (2, 2);

-- ----------------------------
-- Table structure for sys_user_role
-- ----------------------------
DROP TABLE IF EXISTS `sys_user_role`;
CREATE TABLE `sys_user_role`  (
  `user_id` bigint NOT NULL COMMENT '用户ID',
  `role_id` bigint NOT NULL COMMENT '角色ID',
  PRIMARY KEY (`user_id`, `role_id`) USING BTREE
) ENGINE = InnoDB CHARACTER SET = utf8mb4 COLLATE = utf8mb4_0900_ai_ci COMMENT = '用户和角色关联表' ROW_FORMAT = Dynamic;

-- ----------------------------
-- Records of sys_user_role
-- ----------------------------
INSERT INTO `sys_user_role` VALUES (1, 1);
INSERT INTO `sys_user_role` VALUES (2, 2);

-- ----------------------------
-- Table structure for t_relation_teahcer_certificates
-- ----------------------------
DROP TABLE IF EXISTS `t_relation_teahcer_certificates`;
CREATE TABLE `t_relation_teahcer_certificates`  (
  `ID` int NOT NULL AUTO_INCREMENT COMMENT '主键ID',
  `teacher_certificates` int NULL DEFAULT NULL COMMENT '教师基本证件ID',
  `teacher_id` int NULL DEFAULT NULL COMMENT '教师ID',
  `certificates_photo_1` varchar(255) CHARACTER SET utf8mb4 COLLATE utf8mb4_0900_ai_ci NULL DEFAULT NULL COMMENT '证件照1',
  `certificates_photo_2` varchar(255) CHARACTER SET utf8mb4 COLLATE utf8mb4_0900_ai_ci NULL DEFAULT NULL COMMENT '证件照2',
  `certificates_photo_3` varchar(255) CHARACTER SET utf8mb4 COLLATE utf8mb4_0900_ai_ci NULL DEFAULT NULL COMMENT '证件照3',
  `certificates_photo_4` varchar(255) CHARACTER SET utf8mb4 COLLATE utf8mb4_0900_ai_ci NULL DEFAULT NULL COMMENT '证件照4',
  `certificates_photo_5` varchar(255) CHARACTER SET utf8mb4 COLLATE utf8mb4_0900_ai_ci NULL DEFAULT NULL COMMENT '证件照5',
  `CREATED_BY` int NULL DEFAULT NULL COMMENT '创建人',
  `CREATED_TIME` datetime NULL DEFAULT CURRENT_TIMESTAMP COMMENT '创建时间',
  `UPDATED_BY` int NULL DEFAULT NULL COMMENT '更新人',
  `UPDATED_TIME` datetime NULL DEFAULT CURRENT_TIMESTAMP ON UPDATE CURRENT_TIMESTAMP COMMENT '更新时间',
  `DELETE_BY` int NULL DEFAULT NULL COMMENT '删除人',
  `DELETE_TIME` datetime NULL DEFAULT NULL COMMENT '删除时间',
  `NOTE` varchar(255) CHARACTER SET utf8mb4 COLLATE utf8mb4_0900_ai_ci NULL DEFAULT NULL COMMENT '备注',
  PRIMARY KEY (`ID`) USING BTREE
) ENGINE = InnoDB CHARACTER SET = utf8mb4 COLLATE = utf8mb4_0900_ai_ci COMMENT = '教师和教师证书关系表' ROW_FORMAT = Dynamic;

-- ----------------------------
-- Records of t_relation_teahcer_certificates
-- ----------------------------

-- ----------------------------
-- Table structure for t_student
-- ----------------------------
DROP TABLE IF EXISTS `t_student`;
CREATE TABLE `t_student`  (
  `ID` int NOT NULL AUTO_INCREMENT COMMENT '主键ID',
  `user_id` int NULL DEFAULT NULL COMMENT '用户ID',
  `student_code` varchar(255) CHARACTER SET utf8mb4 COLLATE utf8mb4_0900_ai_ci NULL DEFAULT NULL COMMENT '学号',
  `student_name` varchar(255) CHARACTER SET utf8mb4 COLLATE utf8mb4_0900_ai_ci NULL DEFAULT NULL COMMENT '作为学生名字',
  `student_birthday` datetime NULL DEFAULT NULL COMMENT '学生出生日期',
  `student_age` varchar(255) CHARACTER SET utf8mb4 COLLATE utf8mb4_0900_ai_ci NULL DEFAULT NULL COMMENT '学龄',
  `student_rate` varchar(255) CHARACTER SET utf8mb4 COLLATE utf8mb4_0900_ai_ci NULL DEFAULT NULL COMMENT '学习进度',
  `student_phone` varchar(255) CHARACTER SET utf8mb4 COLLATE utf8mb4_0900_ai_ci NULL DEFAULT NULL COMMENT '学生手机号',
  `student_email` varchar(255) CHARACTER SET utf8mb4 COLLATE utf8mb4_0900_ai_ci NULL DEFAULT NULL COMMENT '学生邮箱',
  `CREATED_BY` int NULL DEFAULT NULL COMMENT '创建人',
  `CREATED_TIME` datetime NULL DEFAULT CURRENT_TIMESTAMP COMMENT '创建时间',
  `UPDATED_BY` int NULL DEFAULT NULL COMMENT '更新人',
  `UPDATED_TIME` datetime NULL DEFAULT CURRENT_TIMESTAMP ON UPDATE CURRENT_TIMESTAMP COMMENT '更新时间',
  `DELETE_BY` int NULL DEFAULT NULL COMMENT '删除人',
  `DELETE_TIME` datetime NULL DEFAULT NULL COMMENT '删除时间',
  `NOTE` varchar(255) CHARACTER SET utf8mb4 COLLATE utf8mb4_0900_ai_ci NULL DEFAULT NULL COMMENT '备注',
  PRIMARY KEY (`ID`) USING BTREE
) ENGINE = InnoDB CHARACTER SET = utf8mb4 COLLATE = utf8mb4_0900_ai_ci COMMENT = '学生表' ROW_FORMAT = Dynamic;

-- ----------------------------
-- Records of t_student
-- ----------------------------

-- ----------------------------
-- Table structure for t_subject
-- ----------------------------
DROP TABLE IF EXISTS `t_subject`;
CREATE TABLE `t_subject`  (
  `ID` int NOT NULL AUTO_INCREMENT COMMENT '主键ID',
  `subject_name` varchar(255) CHARACTER SET utf8mb4 COLLATE utf8mb4_0900_ai_ci NULL DEFAULT NULL COMMENT '教学科目名',
  `subject_icon` varchar(255) CHARACTER SET utf8mb4 COLLATE utf8mb4_0900_ai_ci NULL DEFAULT NULL COMMENT '学科图标',
  `subject_sort` int NULL DEFAULT NULL COMMENT '学科排序代码',
  `CREATED_BY` int NULL DEFAULT NULL COMMENT '创建人',
  `CREATED_TIME` datetime NULL DEFAULT CURRENT_TIMESTAMP COMMENT '创建时间',
  `UPDATED_BY` int NULL DEFAULT NULL COMMENT '更新人',
  `UPDATED_TIME` datetime NULL DEFAULT CURRENT_TIMESTAMP ON UPDATE CURRENT_TIMESTAMP COMMENT '更新时间',
  `DELETE_BY` int NULL DEFAULT NULL COMMENT '删除人',
  `DELETE_TIME` datetime NULL DEFAULT NULL COMMENT '删除时间',
  `NOTE` varchar(255) CHARACTER SET utf8mb4 COLLATE utf8mb4_0900_ai_ci NULL DEFAULT NULL COMMENT '备注',
  PRIMARY KEY (`ID`) USING BTREE
) ENGINE = InnoDB CHARACTER SET = utf8mb4 COLLATE = utf8mb4_0900_ai_ci COMMENT = '教学科目表' ROW_FORMAT = Dynamic;

-- ----------------------------
-- Records of t_subject
-- ----------------------------

-- ----------------------------
-- Table structure for t_teacher
-- ----------------------------
DROP TABLE IF EXISTS `t_teacher`;
CREATE TABLE `t_teacher`  (
  `ID` int NOT NULL AUTO_INCREMENT COMMENT '主键ID',
  `user_id` varchar(255) CHARACTER SET utf8mb4 COLLATE utf8mb4_0900_ai_ci NULL DEFAULT NULL COMMENT '用户ID',
  `teacher_name` varchar(255) CHARACTER SET utf8mb4 COLLATE utf8mb4_0900_ai_ci NULL DEFAULT NULL COMMENT '作为教师时的教师名',
  `teacher_code` varchar(255) CHARACTER SET utf8mb4 COLLATE utf8mb4_0900_ai_ci NULL DEFAULT NULL COMMENT '教师编号',
  `teacher_score` int NULL DEFAULT NULL COMMENT '教师评分',
  `teacher_picture` varchar(255) CHARACTER SET utf8mb4 COLLATE utf8mb4_0900_ai_ci NULL DEFAULT NULL COMMENT '教师老师照片链接',
  `teacher_email` varchar(255) CHARACTER SET utf8mb4 COLLATE utf8mb4_0900_ai_ci NULL DEFAULT NULL COMMENT '教师电子邮箱',
  `teacher_school` varchar(255) CHARACTER SET utf8mb4 COLLATE utf8mb4_0900_ai_ci NULL DEFAULT NULL COMMENT '教师院校名称',
  `teacher_major` varchar(255) CHARACTER SET utf8mb4 COLLATE utf8mb4_0900_ai_ci NULL DEFAULT NULL COMMENT '所学专业',
  `teacher_education` varchar(255) CHARACTER SET utf8mb4 COLLATE utf8mb4_0900_ai_ci NULL DEFAULT NULL COMMENT '当前学历',
  `teahcer_countryregion` varchar(255) CHARACTER SET utf8mb4 COLLATE utf8mb4_0900_ai_ci NULL DEFAULT NULL COMMENT '所在国家或地区',
  `teacher_informedbrief` varchar(255) CHARACTER SET utf8mb4 COLLATE utf8mb4_0900_ai_ci NULL DEFAULT NULL COMMENT '教师知情简述',
  `teacher_signature` varchar(255) CHARACTER SET utf8mb4 COLLATE utf8mb4_0900_ai_ci NULL DEFAULT NULL COMMENT '教师签名',
  `teacher_party` varchar(255) CHARACTER SET utf8mb4 COLLATE utf8mb4_0900_ai_ci NULL DEFAULT NULL COMMENT '教师政治面貌',
  `teacher_nationality` varchar(255) CHARACTER SET utf8mb4 COLLATE utf8mb4_0900_ai_ci NULL DEFAULT NULL COMMENT '教师民族',
  `teacher_experience` varchar(255) CHARACTER SET utf8mb4 COLLATE utf8mb4_0900_ai_ci NULL DEFAULT NULL COMMENT '教学或工作经历',
  `teacher_remark` varchar(255) CHARACTER SET utf8mb4 COLLATE utf8mb4_0900_ai_ci NULL DEFAULT NULL COMMENT '备注',
  `teahcer_status` varchar(255) CHARACTER SET utf8mb4 COLLATE utf8mb4_0900_ai_ci NULL DEFAULT NULL COMMENT '教师状态',
  `CREATED_BY` int NULL DEFAULT NULL COMMENT '创建人',
  `CREATED_TIME` datetime NULL DEFAULT CURRENT_TIMESTAMP COMMENT '创建时间',
  `UPDATED_BY` int NULL DEFAULT NULL COMMENT '更新人',
  `UPDATED_TIME` datetime NULL DEFAULT CURRENT_TIMESTAMP ON UPDATE CURRENT_TIMESTAMP COMMENT '更新时间',
  `DELETE_BY` int NULL DEFAULT NULL COMMENT '删除人',
  `DELETE_TIME` datetime NULL DEFAULT NULL COMMENT '删除时间',
  `NOTE` varchar(255) CHARACTER SET utf8mb4 COLLATE utf8mb4_0900_ai_ci NULL DEFAULT NULL COMMENT '备注',
  PRIMARY KEY (`ID`) USING BTREE
) ENGINE = InnoDB CHARACTER SET = utf8mb4 COLLATE = utf8mb4_0900_ai_ci COMMENT = '教师表' ROW_FORMAT = Dynamic;

-- ----------------------------
-- Records of t_teacher
-- ----------------------------

-- ----------------------------
-- Table structure for t_teacher_advantages
-- ----------------------------
DROP TABLE IF EXISTS `t_teacher_advantages`;
CREATE TABLE `t_teacher_advantages`  (
  `ID` int NOT NULL AUTO_INCREMENT COMMENT '主键ID',
  `personal_advantages_type_id` int NULL DEFAULT NULL COMMENT '个人优势分类ID',
  `advantages_remark` varchar(255) CHARACTER SET utf8mb4 COLLATE utf8mb4_0900_ai_ci NULL DEFAULT NULL COMMENT '优势详情',
  `CREATED_BY` int NULL DEFAULT NULL COMMENT '创建人',
  `CREATED_TIME` datetime NULL DEFAULT CURRENT_TIMESTAMP COMMENT '创建时间',
  `UPDATED_BY` int NULL DEFAULT NULL COMMENT '更新人',
  `UPDATED_TIME` datetime NULL DEFAULT CURRENT_TIMESTAMP ON UPDATE CURRENT_TIMESTAMP COMMENT '更新时间',
  `DELETE_BY` int NULL DEFAULT NULL COMMENT '删除人',
  `DELETE_TIME` datetime NULL DEFAULT NULL COMMENT '删除时间',
  `NOTE` varchar(255) CHARACTER SET utf8mb4 COLLATE utf8mb4_0900_ai_ci NULL DEFAULT NULL COMMENT '备注',
  PRIMARY KEY (`ID`) USING BTREE
) ENGINE = InnoDB CHARACTER SET = utf8mb4 COLLATE = utf8mb4_0900_ai_ci COMMENT = '教师个人优势表' ROW_FORMAT = Dynamic;

-- ----------------------------
-- Records of t_teacher_advantages
-- ----------------------------

-- ----------------------------
-- Table structure for t_teacher_advantages_type
-- ----------------------------
DROP TABLE IF EXISTS `t_teacher_advantages_type`;
CREATE TABLE `t_teacher_advantages_type`  (
  `ID` int NOT NULL AUTO_INCREMENT COMMENT '主键ID',
  `personal_advantages` varchar(255) CHARACTER SET utf8mb4 COLLATE utf8mb4_0900_ai_ci NULL DEFAULT NULL COMMENT '个人优势',
  `CREATED_BY` int NULL DEFAULT NULL COMMENT '创建人',
  `CREATED_TIME` datetime NULL DEFAULT CURRENT_TIMESTAMP COMMENT '创建时间',
  `UPDATED_BY` int NULL DEFAULT NULL COMMENT '更新人',
  `UPDATED_TIME` datetime NULL DEFAULT CURRENT_TIMESTAMP ON UPDATE CURRENT_TIMESTAMP COMMENT '更新时间',
  `DELETE_BY` int NULL DEFAULT NULL COMMENT '删除人',
  `DELETE_TIME` datetime NULL DEFAULT NULL COMMENT '删除时间',
  `NOTE` varchar(255) CHARACTER SET utf8mb4 COLLATE utf8mb4_0900_ai_ci NULL DEFAULT NULL COMMENT '备注',
  PRIMARY KEY (`ID`) USING BTREE
) ENGINE = InnoDB CHARACTER SET = utf8mb4 COLLATE = utf8mb4_0900_ai_ci COMMENT = '教师个人优势分类表' ROW_FORMAT = Dynamic;

-- ----------------------------
-- Records of t_teacher_advantages_type
-- ----------------------------

-- ----------------------------
-- Table structure for t_teacher_certificates
-- ----------------------------
DROP TABLE IF EXISTS `t_teacher_certificates`;
CREATE TABLE `t_teacher_certificates`  (
  `ID` int NOT NULL AUTO_INCREMENT COMMENT '主键ID',
  `certificates_name` varchar(255) CHARACTER SET utf8mb4 COLLATE utf8mb4_0900_ai_ci NULL DEFAULT NULL COMMENT '证书名',
  `certificates_remark` varchar(255) CHARACTER SET utf8mb4 COLLATE utf8mb4_0900_ai_ci NULL DEFAULT NULL COMMENT '证书备注',
  `CREATED_BY` int NULL DEFAULT NULL COMMENT '创建人',
  `CREATED_TIME` datetime NULL DEFAULT CURRENT_TIMESTAMP COMMENT '创建时间',
  `UPDATED_BY` int NULL DEFAULT NULL COMMENT '更新人',
  `UPDATED_TIME` datetime NULL DEFAULT CURRENT_TIMESTAMP ON UPDATE CURRENT_TIMESTAMP COMMENT '更新时间',
  `DELETE_BY` int NULL DEFAULT NULL COMMENT '删除人',
  `DELETE_TIME` datetime NULL DEFAULT NULL COMMENT '删除时间',
  `NOTE` varchar(255) CHARACTER SET utf8mb4 COLLATE utf8mb4_0900_ai_ci NULL DEFAULT NULL COMMENT '备注',
  PRIMARY KEY (`ID`) USING BTREE
) ENGINE = InnoDB CHARACTER SET = utf8mb4 COLLATE = utf8mb4_0900_ai_ci COMMENT = '教师证书表' ROW_FORMAT = Dynamic;

-- ----------------------------
-- Records of t_teacher_certificates
-- ----------------------------

-- ----------------------------
-- Table structure for t_teaching_objects_and_subjects
-- ----------------------------
DROP TABLE IF EXISTS `t_teaching_objects_and_subjects`;
CREATE TABLE `t_teaching_objects_and_subjects`  (
  `ID` int NOT NULL AUTO_INCREMENT COMMENT '主键ID',
  `teacher_id` int NULL DEFAULT NULL COMMENT '教师ID',
  `teaching_year` varchar(255) CHARACTER SET utf8mb4 COLLATE utf8mb4_0900_ai_ci NULL DEFAULT NULL COMMENT '教学年段',
  `subject_id` varchar(255) CHARACTER SET utf8mb4 COLLATE utf8mb4_0900_ai_ci NULL DEFAULT NULL COMMENT '教学科目ID',
  `teaching_remark` varchar(255) CHARACTER SET utf8mb4 COLLATE utf8mb4_0900_ai_ci NULL DEFAULT NULL COMMENT '教学备注',
  `CREATED_BY` int NULL DEFAULT NULL COMMENT '创建人',
  `CREATED_TIME` datetime NULL DEFAULT CURRENT_TIMESTAMP COMMENT '创建时间',
  `UPDATED_BY` int NULL DEFAULT NULL COMMENT '更新人',
  `UPDATED_TIME` datetime NULL DEFAULT CURRENT_TIMESTAMP ON UPDATE CURRENT_TIMESTAMP COMMENT '更新时间',
  `DELETE_BY` int NULL DEFAULT NULL COMMENT '删除人',
  `DELETE_TIME` datetime NULL DEFAULT NULL COMMENT '删除时间',
  `NOTE` varchar(255) CHARACTER SET utf8mb4 COLLATE utf8mb4_0900_ai_ci NULL DEFAULT NULL COMMENT '备注',
  PRIMARY KEY (`ID`) USING BTREE
) ENGINE = InnoDB CHARACTER SET = utf8mb4 COLLATE = utf8mb4_0900_ai_ci COMMENT = '教师意向教学表' ROW_FORMAT = Dynamic;

-- ----------------------------
-- Records of t_teaching_objects_and_subjects
-- ----------------------------

-- ----------------------------
-- Table structure for t_teahcer_schedule
-- ----------------------------
DROP TABLE IF EXISTS `t_teahcer_schedule`;
CREATE TABLE `t_teahcer_schedule`  (
  `ID` int NOT NULL AUTO_INCREMENT COMMENT '主键ID',
  `schedule_month` varchar(255) CHARACTER SET utf8mb4 COLLATE utf8mb4_0900_ai_ci NULL DEFAULT NULL COMMENT '可安排月份(多个用英文逗号隔开)',
  `schedule_week` varchar(255) CHARACTER SET utf8mb4 COLLATE utf8mb4_0900_ai_ci NULL DEFAULT NULL COMMENT '可安排的星期',
  `schedule_start_time` datetime NULL DEFAULT NULL COMMENT '开始时间',
  `schedule_end_time` varchar(255) CHARACTER SET utf8mb4 COLLATE utf8mb4_0900_ai_ci NULL DEFAULT NULL COMMENT '结束时间',
  `CREATED_BY` int NULL DEFAULT NULL COMMENT '创建人',
  `CREATED_TIME` datetime NULL DEFAULT CURRENT_TIMESTAMP COMMENT '创建时间',
  `UPDATED_BY` int NULL DEFAULT NULL COMMENT '更新人',
  `UPDATED_TIME` datetime NULL DEFAULT CURRENT_TIMESTAMP ON UPDATE CURRENT_TIMESTAMP COMMENT '更新时间',
  `DELETE_BY` int NULL DEFAULT NULL COMMENT '删除人',
  `DELETE_TIME` datetime NULL DEFAULT NULL COMMENT '删除时间',
  `NOTE` varchar(255) CHARACTER SET utf8mb4 COLLATE utf8mb4_0900_ai_ci NULL DEFAULT NULL COMMENT '备注',
  PRIMARY KEY (`ID`) USING BTREE
) ENGINE = InnoDB CHARACTER SET = utf8mb4 COLLATE = utf8mb4_0900_ai_ci COMMENT = '教师可安排时间段表' ROW_FORMAT = Dynamic;

-- ----------------------------
-- Records of t_teahcer_schedule
-- ----------------------------

-- ----------------------------
-- Table structure for t_user
-- ----------------------------
DROP TABLE IF EXISTS `t_user`;
CREATE TABLE `t_user`  (
  `ID` int NOT NULL AUTO_INCREMENT COMMENT '主键ID',
  `user_name` varchar(255) CHARACTER SET utf8mb4 COLLATE utf8mb4_0900_ai_ci NULL DEFAULT NULL COMMENT '用户名',
  `user_gender` varchar(10) CHARACTER SET utf8mb4 COLLATE utf8mb4_0900_ai_ci NULL DEFAULT NULL COMMENT '性别',
  `user_phone` varchar(255) CHARACTER SET utf8mb4 COLLATE utf8mb4_0900_ai_ci NULL DEFAULT NULL COMMENT '手机号',
  `user_email` varchar(255) CHARACTER SET utf8mb4 COLLATE utf8mb4_0900_ai_ci NULL DEFAULT NULL COMMENT '邮箱',
  `user_birth` varchar(255) CHARACTER SET utf8mb4 COLLATE utf8mb4_0900_ai_ci NULL DEFAULT NULL COMMENT '用户出身年月',
  `user_photo` varchar(255) CHARACTER SET utf8mb4 COLLATE utf8mb4_0900_ai_ci NULL DEFAULT NULL COMMENT '用户头像链接',
  `user_wxopenid` varchar(255) CHARACTER SET utf8mb4 COLLATE utf8mb4_0900_ai_ci NULL DEFAULT NULL COMMENT '微信openid',
  `user_wxsessionkey` varchar(255) CHARACTER SET utf8mb4 COLLATE utf8mb4_0900_ai_ci NULL DEFAULT NULL COMMENT '微信会话key',
  `CREATED_BY` int NULL DEFAULT NULL COMMENT '创建人',
  `CREATED_TIME` datetime NULL DEFAULT CURRENT_TIMESTAMP COMMENT '创建时间',
  `UPDATED_BY` int NULL DEFAULT NULL COMMENT '更新人',
  `UPDATED_TIME` datetime NULL DEFAULT CURRENT_TIMESTAMP ON UPDATE CURRENT_TIMESTAMP COMMENT '更新时间',
  `DELETE_BY` int NULL DEFAULT NULL COMMENT '删除人',
  `DELETE_TIME` datetime NULL DEFAULT NULL COMMENT '删除时间',
  `NOTE` varchar(255) CHARACTER SET utf8mb4 COLLATE utf8mb4_0900_ai_ci NULL DEFAULT NULL COMMENT '备注',
  PRIMARY KEY (`ID`) USING BTREE
) ENGINE = InnoDB CHARACTER SET = utf8mb4 COLLATE = utf8mb4_0900_ai_ci COMMENT = '用户表' ROW_FORMAT = Dynamic;

-- ----------------------------
-- Records of t_user
-- ----------------------------

SET FOREIGN_KEY_CHECKS = 1;
